This is XeTeX, Version 3.141592653-2.6-0.999995 (TeX Live 2023) (preloaded format=xelatex 2024.2.29)  20 AUG 2024 11:46
entering extended mode
 restricted \write18 enabled.
 %&-line parsing enabled.
**index.tex
(./index.tex
LaTeX2e <2023-11-01> patch level 1
L3 programming layer <2024-02-20>
(c:/Users/jajohns/AppData/Roaming/TinyTeX/texmf-dist/tex/latex/koma-script/scrreprt.cls
Document Class: scrreprt 2023/07/07 v3.41 KOMA-Script document class (report)
(c:/Users/jajohns/AppData/Roaming/TinyTeX/texmf-dist/tex/latex/koma-script/scrkbase.sty
Package: scrkbase 2023/07/07 v3.41 KOMA-Script package (KOMA-Script-dependent basics and keyval usage)
(c:/Users/jajohns/AppData/Roaming/TinyTeX/texmf-dist/tex/latex/koma-script/scrbase.sty
Package: scrbase 2023/07/07 v3.41 KOMA-Script package (KOMA-Script-independent basics and keyval usage)
(c:/Users/jajohns/AppData/Roaming/TinyTeX/texmf-dist/tex/latex/koma-script/scrlfile.sty
Package: scrlfile 2023/07/07 v3.41 KOMA-Script package (file load hooks)
(c:/Users/jajohns/AppData/Roaming/TinyTeX/texmf-dist/tex/latex/koma-script/scrlfile-hook.sty
Package: scrlfile-hook 2023/07/07 v3.41 KOMA-Script package (using LaTeX hooks)
(c:/Users/jajohns/AppData/Roaming/TinyTeX/texmf-dist/tex/latex/koma-script/scrlogo.sty
Package: scrlogo 2023/07/07 v3.41 KOMA-Script package (logo)
))) (c:/Users/jajohns/AppData/Roaming/TinyTeX/texmf-dist/tex/latex/graphics/keyval.sty
Package: keyval 2022/05/29 v1.15 key=value parser (DPC)
\KV@toks@=\toks17
)
Applying: [2021/05/01] Usage of raw or classic option list on input line 252.
Already applied: [0000/00/00] Usage of raw or classic option list on input line 368.
)) (c:/Users/jajohns/AppData/Roaming/TinyTeX/texmf-dist/tex/latex/koma-script/tocbasic.sty
Package: tocbasic 2023/07/07 v3.41 KOMA-Script package (handling toc-files)
\scr@dte@tocline@numberwidth=\skip48
\scr@dte@tocline@numbox=\box51
)
Package tocbasic Info: omitting babel extension for `toc'
(tocbasic)             because of feature `nobabel' available
(tocbasic)             for `toc' on input line 135.
Class scrreprt Info: File `scrsize11pt.clo' used instead of
(scrreprt)           file `scrsize11.clo' to setup font sizes on input line 2688.
(c:/Users/jajohns/AppData/Roaming/TinyTeX/texmf-dist/tex/latex/koma-script/scrsize11pt.clo
File: scrsize11pt.clo 2023/07/07 v3.41 KOMA-Script font size class option (11pt)
) (c:/Users/jajohns/AppData/Roaming/TinyTeX/texmf-dist/tex/latex/koma-script/typearea.sty
Package: typearea 2023/07/07 v3.41 KOMA-Script package (type area)
\ta@bcor=\skip49
\ta@div=\count184
Package typearea Info: You've used standard option `letterpaper'.
(typearea)             This is correct!
(typearea)             Internally I'm using `paper=letter'.
(typearea)             If you'd like to set the option with \KOMAoptions,
(typearea)             you'd have to use `paper=letter' there
(typearea)             instead of `letterpaper', too.
\ta@hblk=\skip50
\ta@vblk=\skip51
\ta@temp=\skip52
\footheight=\skip53
Package typearea Info: These are the values describing the layout:
(typearea)             DIV  = 11
(typearea)             BCOR = 0.0pt
(typearea)             \paperwidth      = 614.295pt
(typearea)              \textwidth      = 446.76004pt
(typearea)              DIV departure   = -14%
(typearea)              \evensidemargin = 11.49748pt
(typearea)              \oddsidemargin  = 11.49748pt
(typearea)             \paperheight     = 794.96999pt
(typearea)              \textheight     = 582.20026pt
(typearea)              \topmargin      = -37.40001pt
(typearea)              \headheight     = 17.0pt
(typearea)              \headsep        = 20.40001pt
(typearea)              \topskip        = 11.0pt
(typearea)              \footskip       = 47.6pt
(typearea)              \baselineskip   = 13.6pt
(typearea)              on input line 1799.
)
\c@part=\count185
\c@chapter=\count186
\c@section=\count187
\c@subsection=\count188
\c@subsubsection=\count189
\c@paragraph=\count190
\c@subparagraph=\count191
\scr@dte@chapter@maxnumwidth=\skip54
Class scrreprt Info: using compatibility default `afterindent=bysign'
(scrreprt)           for `\chapter on input line 5994.
\scr@dte@section@maxnumwidth=\skip55
Class scrreprt Info: using compatibility default `runin=bysign'
(scrreprt)           for `\section on input line 6005.
Class scrreprt Info: using compatibility default `afterindent=bysign'
(scrreprt)           for `\section on input line 6005.
\scr@dte@part@maxnumwidth=\skip56
Class scrreprt Info: using compatibility default `afterindent=true'
(scrreprt)           for `\part on input line 6014.
\scr@dte@subsection@maxnumwidth=\skip57
Class scrreprt Info: using compatibility default `runin=bysign'
(scrreprt)           for `\subsection on input line 6024.
Class scrreprt Info: using compatibility default `afterindent=bysign'
(scrreprt)           for `\subsection on input line 6024.
\scr@dte@subsubsection@maxnumwidth=\skip58
Class scrreprt Info: using compatibility default `runin=bysign'
(scrreprt)           for `\subsubsection on input line 6034.
Class scrreprt Info: using compatibility default `afterindent=bysign'
(scrreprt)           for `\subsubsection on input line 6034.
\scr@dte@paragraph@maxnumwidth=\skip59
Class scrreprt Info: using compatibility default `runin=bysign'
(scrreprt)           for `\paragraph on input line 6045.
Class scrreprt Info: using compatibility default `afterindent=bysign'
(scrreprt)           for `\paragraph on input line 6045.
\scr@dte@subparagraph@maxnumwidth=\skip60
Class scrreprt Info: using compatibility default `runin=bysign'
(scrreprt)           for `\subparagraph on input line 6055.
Class scrreprt Info: using compatibility default `afterindent=bysign'
(scrreprt)           for `\subparagraph on input line 6055.
\abovecaptionskip=\skip61
\belowcaptionskip=\skip62
\c@pti@nb@sid@b@x=\box52
Package tocbasic Info: omitting babel extension for `lof'
(tocbasic)             because of feature `nobabel' available
(tocbasic)             for `lof' on input line 7240.
\scr@dte@figure@maxnumwidth=\skip63
\c@figure=\count192
Package tocbasic Info: omitting babel extension for `lot'
(tocbasic)             because of feature `nobabel' available
(tocbasic)             for `lot' on input line 7257.
\scr@dte@table@maxnumwidth=\skip64
\c@table=\count193
Class scrreprt Info: Redefining `\numberline' on input line 7428.
\bibindent=\dimen140
) (c:/Users/jajohns/AppData/Roaming/TinyTeX/texmf-dist/tex/latex/amsmath/amsmath.sty
Package: amsmath 2023/05/13 v2.17o AMS math features
\@mathmargin=\skip65
For additional information on amsmath, use the `?' option.
(c:/Users/jajohns/AppData/Roaming/TinyTeX/texmf-dist/tex/latex/amsmath/amstext.sty
Package: amstext 2021/08/26 v2.01 AMS text
(c:/Users/jajohns/AppData/Roaming/TinyTeX/texmf-dist/tex/latex/amsmath/amsgen.sty
File: amsgen.sty 1999/11/30 v2.0 generic functions
\@emptytoks=\toks18
\ex@=\dimen141
)) (c:/Users/jajohns/AppData/Roaming/TinyTeX/texmf-dist/tex/latex/amsmath/amsbsy.sty
Package: amsbsy 1999/11/29 v1.2d Bold Symbols
\pmbraise@=\dimen142
) (c:/Users/jajohns/AppData/Roaming/TinyTeX/texmf-dist/tex/latex/amsmath/amsopn.sty
Package: amsopn 2022/04/08 v2.04 operator names
)
\inf@bad=\count194
LaTeX Info: Redefining \frac on input line 234.
\uproot@=\count195
\leftroot@=\count196
LaTeX Info: Redefining \overline on input line 399.
LaTeX Info: Redefining \colon on input line 410.
\classnum@=\count197
\DOTSCASE@=\count198
LaTeX Info: Redefining \ldots on input line 496.
LaTeX Info: Redefining \dots on input line 499.
LaTeX Info: Redefining \cdots on input line 620.
\Mathstrutbox@=\box53
\strutbox@=\box54
LaTeX Info: Redefining \big on input line 722.
LaTeX Info: Redefining \Big on input line 723.
LaTeX Info: Redefining \bigg on input line 724.
LaTeX Info: Redefining \Bigg on input line 725.
\big@size=\dimen143
LaTeX Font Info:    Redeclaring font encoding OML on input line 743.
LaTeX Font Info:    Redeclaring font encoding OMS on input line 744.
\macc@depth=\count199
LaTeX Info: Redefining \bmod on input line 905.
LaTeX Info: Redefining \pmod on input line 910.
LaTeX Info: Redefining \smash on input line 940.
LaTeX Info: Redefining \relbar on input line 970.
LaTeX Info: Redefining \Relbar on input line 971.
\c@MaxMatrixCols=\count266
\dotsspace@=\muskip16
\c@parentequation=\count267
\dspbrk@lvl=\count268
\tag@help=\toks19
\row@=\count269
\column@=\count270
\maxfields@=\count271
\andhelp@=\toks20
\eqnshift@=\dimen144
\alignsep@=\dimen145
\tagshift@=\dimen146
\tagwidth@=\dimen147
\totwidth@=\dimen148
\lineht@=\dimen149
\@envbody=\toks21
\multlinegap=\skip66
\multlinetaggap=\skip67
\mathdisplay@stack=\toks22
LaTeX Info: Redefining \[ on input line 2953.
LaTeX Info: Redefining \] on input line 2954.
) (c:/Users/jajohns/AppData/Roaming/TinyTeX/texmf-dist/tex/latex/amsfonts/amssymb.sty
Package: amssymb 2013/01/14 v3.01 AMS font symbols
(c:/Users/jajohns/AppData/Roaming/TinyTeX/texmf-dist/tex/latex/amsfonts/amsfonts.sty
Package: amsfonts 2013/01/14 v3.01 Basic AMSFonts support
\symAMSa=\mathgroup4
\symAMSb=\mathgroup5
LaTeX Font Info:    Redeclaring math symbol \hbar on input line 98.
LaTeX Font Info:    Overwriting math alphabet `\mathfrak' in version `bold'
(Font)                  U/euf/m/n --> U/euf/b/n on input line 106.
)) (c:/Users/jajohns/AppData/Roaming/TinyTeX/texmf-dist/tex/generic/iftex/iftex.sty
Package: iftex 2022/02/03 v1.0f TeX engine tests
) (c:/Users/jajohns/AppData/Roaming/TinyTeX/texmf-dist/tex/latex/unicode-math/unicode-math.sty (c:/Users/jajohns/AppData/Roaming/TinyTeX/texmf-dist/tex/latex/l3kernel/expl3.sty
Package: expl3 2024-02-20 L3 programming layer (loader) 
(c:/Users/jajohns/AppData/Roaming/TinyTeX/texmf-dist/tex/latex/l3backend/l3backend-xetex.def
File: l3backend-xetex.def 2024-02-20 L3 backend support: XeTeX
\g__graphics_track_int=\count272
\l__pdf_internal_box=\box55
\g__pdf_backend_object_int=\count273
\g__pdf_backend_annotation_int=\count274
\g__pdf_backend_link_int=\count275
))
Package: unicode-math 2023/08/13 v0.8r Unicode maths in XeLaTeX and LuaLaTeX
(c:/Users/jajohns/AppData/Roaming/TinyTeX/texmf-dist/tex/latex/unicode-math/unicode-math-xetex.sty
Package: unicode-math-xetex 2023/08/13 v0.8r Unicode maths in XeLaTeX and LuaLaTeX
(c:/Users/jajohns/AppData/Roaming/TinyTeX/texmf-dist/tex/latex/l3packages/xparse/xparse.sty
Package: xparse 2024-02-18 L3 Experimental document command parser
) (c:/Users/jajohns/AppData/Roaming/TinyTeX/texmf-dist/tex/latex/l3packages/l3keys2e/l3keys2e.sty
Package: l3keys2e 2024-02-18 LaTeX2e option processing using LaTeX3 keys
) (c:/Users/jajohns/AppData/Roaming/TinyTeX/texmf-dist/tex/latex/fontspec/fontspec.sty
Package: fontspec 2024/02/13 v2.9a Font selection for XeLaTeX and LuaLaTeX
(c:/Users/jajohns/AppData/Roaming/TinyTeX/texmf-dist/tex/latex/fontspec/fontspec-xetex.sty
Package: fontspec-xetex 2024/02/13 v2.9a Font selection for XeLaTeX and LuaLaTeX
\l__fontspec_script_int=\count276
\l__fontspec_language_int=\count277
\l__fontspec_strnum_int=\count278
\l__fontspec_tmp_int=\count279
\l__fontspec_tmpa_int=\count280
\l__fontspec_tmpb_int=\count281
\l__fontspec_tmpc_int=\count282
\l__fontspec_em_int=\count283
\l__fontspec_emdef_int=\count284
\l__fontspec_strong_int=\count285
\l__fontspec_strongdef_int=\count286
\l__fontspec_tmpa_dim=\dimen150
\l__fontspec_tmpb_dim=\dimen151
\l__fontspec_tmpc_dim=\dimen152
(c:/Users/jajohns/AppData/Roaming/TinyTeX/texmf-dist/tex/latex/base/fontenc.sty
Package: fontenc 2021/04/29 v2.0v Standard LaTeX package
) (c:/Users/jajohns/AppData/Roaming/TinyTeX/texmf-dist/tex/latex/fontspec/fontspec.cfg))) (c:/Users/jajohns/AppData/Roaming/TinyTeX/texmf-dist/tex/latex/base/fix-cm.sty
Package: fix-cm 2020/11/24 v1.1t fixes to LaTeX
(c:/Users/jajohns/AppData/Roaming/TinyTeX/texmf-dist/tex/latex/base/ts1enc.def
File: ts1enc.def 2001/06/05 v3.0e (jk/car/fm) Standard LaTeX file
LaTeX Font Info:    Redeclaring font encoding TS1 on input line 47.
))
\g__um_fam_int=\count287
\g__um_fonts_used_int=\count288
\l__um_primecount_int=\count289
\g__um_primekern_muskip=\muskip17
(c:/Users/jajohns/AppData/Roaming/TinyTeX/texmf-dist/tex/latex/unicode-math/unicode-math-table.tex))) (c:/Users/jajohns/AppData/Roaming/TinyTeX/texmf-dist/tex/latex/lm/lmodern.sty
Package: lmodern 2015/05/01 v1.6.1 Latin Modern Fonts
LaTeX Font Info:    Overwriting symbol font `operators' in version `normal'
(Font)                  OT1/cmr/m/n --> OT1/lmr/m/n on input line 22.
LaTeX Font Info:    Overwriting symbol font `letters' in version `normal'
(Font)                  OML/cmm/m/it --> OML/lmm/m/it on input line 23.
LaTeX Font Info:    Overwriting symbol font `symbols' in version `normal'
(Font)                  OMS/cmsy/m/n --> OMS/lmsy/m/n on input line 24.
LaTeX Font Info:    Overwriting symbol font `largesymbols' in version `normal'
(Font)                  OMX/cmex/m/n --> OMX/lmex/m/n on input line 25.
LaTeX Font Info:    Overwriting symbol font `operators' in version `bold'
(Font)                  OT1/cmr/bx/n --> OT1/lmr/bx/n on input line 26.
LaTeX Font Info:    Overwriting symbol font `letters' in version `bold'
(Font)                  OML/cmm/b/it --> OML/lmm/b/it on input line 27.
LaTeX Font Info:    Overwriting symbol font `symbols' in version `bold'
(Font)                  OMS/cmsy/b/n --> OMS/lmsy/b/n on input line 28.
LaTeX Font Info:    Overwriting symbol font `largesymbols' in version `bold'
(Font)                  OMX/cmex/m/n --> OMX/lmex/m/n on input line 29.
LaTeX Font Info:    Overwriting math alphabet `\mathbf' in version `normal'
(Font)                  OT1/cmr/bx/n --> OT1/lmr/bx/n on input line 31.
LaTeX Font Info:    Overwriting math alphabet `\mathsf' in version `normal'
(Font)                  OT1/cmss/m/n --> OT1/lmss/m/n on input line 32.
LaTeX Font Info:    Overwriting math alphabet `\mathit' in version `normal'
(Font)                  OT1/cmr/m/it --> OT1/lmr/m/it on input line 33.
LaTeX Font Info:    Overwriting math alphabet `\mathtt' in version `normal'
(Font)                  OT1/cmtt/m/n --> OT1/lmtt/m/n on input line 34.
LaTeX Font Info:    Overwriting math alphabet `\mathbf' in version `bold'
(Font)                  OT1/cmr/bx/n --> OT1/lmr/bx/n on input line 35.
LaTeX Font Info:    Overwriting math alphabet `\mathsf' in version `bold'
(Font)                  OT1/cmss/bx/n --> OT1/lmss/bx/n on input line 36.
LaTeX Font Info:    Overwriting math alphabet `\mathit' in version `bold'
(Font)                  OT1/cmr/bx/it --> OT1/lmr/bx/it on input line 37.
LaTeX Font Info:    Overwriting math alphabet `\mathtt' in version `bold'
(Font)                  OT1/cmtt/m/n --> OT1/lmtt/m/n on input line 38.
) (c:/Users/jajohns/AppData/Roaming/TinyTeX/texmf-dist/tex/latex/upquote/upquote.sty
Package: upquote 2012/04/19 v1.3 upright-quote and grave-accent glyphs in verbatim
(c:/Users/jajohns/AppData/Roaming/TinyTeX/texmf-dist/tex/latex/base/textcomp.sty
Package: textcomp 2020/02/02 v2.0n Standard LaTeX package
)) (c:/Users/jajohns/AppData/Roaming/TinyTeX/texmf-dist/tex/latex/microtype/microtype.sty
Package: microtype 2023/03/13 v3.1a Micro-typographical refinements (RS)
(c:/Users/jajohns/AppData/Roaming/TinyTeX/texmf-dist/tex/latex/etoolbox/etoolbox.sty
Package: etoolbox 2020/10/05 v2.5k e-TeX tools for LaTeX (JAW)
\etb@tempcnta=\count290
)
\MT@toks=\toks23
\MT@tempbox=\box56
\MT@count=\count291
LaTeX Info: Redefining \noprotrusionifhmode on input line 1059.
LaTeX Info: Redefining \leftprotrusion on input line 1060.
\MT@prot@toks=\toks24
LaTeX Info: Redefining \rightprotrusion on input line 1078.
LaTeX Info: Redefining \textls on input line 1368.
\MT@outer@kern=\dimen153
LaTeX Info: Redefining \textmicrotypecontext on input line 1988.
\MT@listname@count=\count292
(c:/Users/jajohns/AppData/Roaming/TinyTeX/texmf-dist/tex/latex/microtype/microtype-xetex.def
File: microtype-xetex.def 2023/03/13 v3.1a Definitions specific to xetex (RS)
LaTeX Info: Redefining \lsstyle on input line 238.
)
Package microtype Info: Loading configuration file microtype.cfg.
(c:/Users/jajohns/AppData/Roaming/TinyTeX/texmf-dist/tex/latex/microtype/microtype.cfg
File: microtype.cfg 2023/03/13 v3.1a microtype main configuration file (RS)
)) (c:/Users/jajohns/AppData/Roaming/TinyTeX/texmf-dist/tex/latex/xcolor/xcolor.sty
Package: xcolor 2023/11/15 v3.01 LaTeX color extensions (UK)
(c:/Users/jajohns/AppData/Roaming/TinyTeX/texmf-dist/tex/latex/graphics-cfg/color.cfg
File: color.cfg 2016/01/02 v1.6 sample color configuration
)
Package xcolor Info: Driver file: xetex.def on input line 274.
(c:/Users/jajohns/AppData/Roaming/TinyTeX/texmf-dist/tex/latex/graphics-def/xetex.def
File: xetex.def 2022/09/22 v5.0n Graphics/color driver for xetex
) (c:/Users/jajohns/AppData/Roaming/TinyTeX/texmf-dist/tex/latex/graphics/mathcolor.ltx)
Package xcolor Info: Model `cmy' substituted by `cmy0' on input line 1350.
Package xcolor Info: Model `RGB' extended on input line 1366.
Package xcolor Info: Model `HTML' substituted by `rgb' on input line 1368.
Package xcolor Info: Model `Hsb' substituted by `hsb' on input line 1369.
Package xcolor Info: Model `tHsb' substituted by `hsb' on input line 1370.
Package xcolor Info: Model `HSB' substituted by `hsb' on input line 1371.
Package xcolor Info: Model `Gray' substituted by `gray' on input line 1372.
Package xcolor Info: Model `wave' substituted by `hsb' on input line 1373.
) (c:/Users/jajohns/AppData/Roaming/TinyTeX/texmf-dist/tex/latex/graphics/dvipsnam.def
File: dvipsnam.def 2016/06/17 v3.0m Driver-dependent file (DPC,SPQR)
) (c:/Users/jajohns/AppData/Roaming/TinyTeX/texmf-dist/tex/latex/xcolor/svgnam.def
File: svgnam.def 2023/11/15 v3.01 Predefined colors according to SVG 1.1 (UK)
) (c:/Users/jajohns/AppData/Roaming/TinyTeX/texmf-dist/tex/latex/xcolor/x11nam.def
File: x11nam.def 2023/11/15 v3.01 Predefined colors according to Unix/X11 (UK)
) (c:/Users/jajohns/AppData/Roaming/TinyTeX/texmf-dist/tex/latex/fancyvrb/fancyvrb.sty
Package: fancyvrb 2024/01/20 4.5c verbatim text (tvz,hv)
\FV@CodeLineNo=\count293
\FV@InFile=\read2
\FV@TabBox=\box57
\c@FancyVerbLine=\count294
\FV@StepNumber=\count295
\FV@OutFile=\write3
) (c:/Users/jajohns/AppData/Roaming/TinyTeX/texmf-dist/tex/latex/framed/framed.sty
Package: framed 2011/10/22 v 0.96: framed or shaded text with page breaks
\OuterFrameSep=\skip68
\fb@frw=\dimen154
\fb@frh=\dimen155
\FrameRule=\dimen156
\FrameSep=\dimen157
) (c:/Users/jajohns/AppData/Roaming/TinyTeX/texmf-dist/tex/latex/tools/longtable.sty
Package: longtable 2023-11-01 v4.19 Multi-page Table package (DPC)
\LTleft=\skip69
\LTright=\skip70
\LTpre=\skip71
\LTpost=\skip72
\LTchunksize=\count296
\LTcapwidth=\dimen158
\LT@head=\box58
\LT@firsthead=\box59
\LT@foot=\box60
\LT@lastfoot=\box61
\LT@gbox=\box62
\LT@cols=\count297
\LT@rows=\count298
\c@LT@tables=\count299
\c@LT@chunks=\count300
\LT@p@ftn=\toks25
)
Class scrreprt Info: longtable captions redefined on input line 98.
(c:/Users/jajohns/AppData/Roaming/TinyTeX/texmf-dist/tex/latex/booktabs/booktabs.sty
Package: booktabs 2020/01/12 v1.61803398 Publication quality tables
\heavyrulewidth=\dimen159
\lightrulewidth=\dimen160
\cmidrulewidth=\dimen161
\belowrulesep=\dimen162
\belowbottomsep=\dimen163
\aboverulesep=\dimen164
\abovetopsep=\dimen165
\cmidrulesep=\dimen166
\cmidrulekern=\dimen167
\defaultaddspace=\dimen168
\@cmidla=\count301
\@cmidlb=\count302
\@aboverulesep=\dimen169
\@belowrulesep=\dimen170
\@thisruleclass=\count303
\@lastruleclass=\count304
\@thisrulewidth=\dimen171
) (c:/Users/jajohns/AppData/Roaming/TinyTeX/texmf-dist/tex/latex/tools/array.sty
Package: array 2023/10/16 v2.5g Tabular extension package (FMi)
\col@sep=\dimen172
\ar@mcellbox=\box63
\extrarowheight=\dimen173
\NC@list=\toks26
\extratabsurround=\skip73
\backup@length=\skip74
\ar@cellbox=\box64
) (c:/Users/jajohns/AppData/Roaming/TinyTeX/texmf-dist/tex/latex/tools/calc.sty
Package: calc 2023/07/08 v4.3 Infix arithmetic (KKT,FJ)
\calc@Acount=\count305
\calc@Bcount=\count306
\calc@Adimen=\dimen174
\calc@Bdimen=\dimen175
\calc@Askip=\skip75
\calc@Bskip=\skip76
LaTeX Info: Redefining \setlength on input line 80.
LaTeX Info: Redefining \addtolength on input line 81.
\calc@Ccount=\count307
\calc@Cskip=\skip77
) (c:/Users/jajohns/AppData/Roaming/TinyTeX/texmf-dist/tex/latex/mdwtools/footnote.sty
Package: footnote 1997/01/28 1.13 Save footnotes around boxes
\fn@notes=\box65
\fn@width=\dimen176
) (c:/Users/jajohns/AppData/Roaming/TinyTeX/texmf-dist/tex/latex/graphics/graphicx.sty
Package: graphicx 2021/09/16 v1.2d Enhanced LaTeX Graphics (DPC,SPQR)
(c:/Users/jajohns/AppData/Roaming/TinyTeX/texmf-dist/tex/latex/graphics/graphics.sty
Package: graphics 2022/03/10 v1.4e Standard LaTeX Graphics (DPC,SPQR)
(c:/Users/jajohns/AppData/Roaming/TinyTeX/texmf-dist/tex/latex/graphics/trig.sty
Package: trig 2021/08/11 v1.11 sin cos tan (DPC)
) (c:/Users/jajohns/AppData/Roaming/TinyTeX/texmf-dist/tex/latex/graphics-cfg/graphics.cfg
File: graphics.cfg 2016/06/04 v1.11 sample graphics configuration
)
Package graphics Info: Driver file: xetex.def on input line 107.
)
\Gin@req@height=\dimen177
\Gin@req@width=\dimen178
) (c:/Users/jajohns/AppData/Roaming/TinyTeX/texmf-dist/tex/latex/bookmark/bookmark.sty
Package: bookmark 2023-12-10 v1.31 PDF bookmarks (HO)
(c:/Users/jajohns/AppData/Roaming/TinyTeX/texmf-dist/tex/latex/hyperref/hyperref.sty
Package: hyperref 2024-01-20 v7.01h Hypertext links for LaTeX
(c:/Users/jajohns/AppData/Roaming/TinyTeX/texmf-dist/tex/latex/kvsetkeys/kvsetkeys.sty
Package: kvsetkeys 2022-10-05 v1.19 Key value parser (HO)
) (c:/Users/jajohns/AppData/Roaming/TinyTeX/texmf-dist/tex/generic/kvdefinekeys/kvdefinekeys.sty
Package: kvdefinekeys 2019-12-19 v1.6 Define keys (HO)
) (c:/Users/jajohns/AppData/Roaming/TinyTeX/texmf-dist/tex/generic/pdfescape/pdfescape.sty
Package: pdfescape 2019/12/09 v1.15 Implements pdfTeX's escape features (HO)
(c:/Users/jajohns/AppData/Roaming/TinyTeX/texmf-dist/tex/generic/ltxcmds/ltxcmds.sty
Package: ltxcmds 2023-12-04 v1.26 LaTeX kernel commands for general use (HO)
) (c:/Users/jajohns/AppData/Roaming/TinyTeX/texmf-dist/tex/generic/pdftexcmds/pdftexcmds.sty
Package: pdftexcmds 2020-06-27 v0.33 Utility functions of pdfTeX for LuaTeX (HO)
(c:/Users/jajohns/AppData/Roaming/TinyTeX/texmf-dist/tex/generic/infwarerr/infwarerr.sty
Package: infwarerr 2019/12/03 v1.5 Providing info/warning/error messages (HO)
)
Package pdftexcmds Info: \pdf@primitive is available.
Package pdftexcmds Info: \pdf@ifprimitive is available.
Package pdftexcmds Info: \pdfdraftmode not found.
)) (c:/Users/jajohns/AppData/Roaming/TinyTeX/texmf-dist/tex/latex/hycolor/hycolor.sty
Package: hycolor 2020-01-27 v1.10 Color options for hyperref/bookmark (HO)
) (c:/Users/jajohns/AppData/Roaming/TinyTeX/texmf-dist/tex/latex/auxhook/auxhook.sty
Package: auxhook 2019-12-17 v1.6 Hooks for auxiliary files (HO)
) (c:/Users/jajohns/AppData/Roaming/TinyTeX/texmf-dist/tex/latex/hyperref/nameref.sty
Package: nameref 2023-11-26 v2.56 Cross-referencing by name of section
(c:/Users/jajohns/AppData/Roaming/TinyTeX/texmf-dist/tex/latex/refcount/refcount.sty
Package: refcount 2019/12/15 v3.6 Data extraction from label references (HO)
) (c:/Users/jajohns/AppData/Roaming/TinyTeX/texmf-dist/tex/generic/gettitlestring/gettitlestring.sty
Package: gettitlestring 2019/12/15 v1.6 Cleanup title references (HO)
(c:/Users/jajohns/AppData/Roaming/TinyTeX/texmf-dist/tex/latex/kvoptions/kvoptions.sty
Package: kvoptions 2022-06-15 v3.15 Key value format for package options (HO)
))
\c@section@level=\count308
)
\@linkdim=\dimen179
\Hy@linkcounter=\count309
\Hy@pagecounter=\count310
(c:/Users/jajohns/AppData/Roaming/TinyTeX/texmf-dist/tex/latex/hyperref/pd1enc.def
File: pd1enc.def 2024-01-20 v7.01h Hyperref: PDFDocEncoding definition (HO)
) (c:/Users/jajohns/AppData/Roaming/TinyTeX/texmf-dist/tex/generic/intcalc/intcalc.sty
Package: intcalc 2019/12/15 v1.3 Expandable calculations with integers (HO)
)
\Hy@SavedSpaceFactor=\count311
(c:/Users/jajohns/AppData/Roaming/TinyTeX/texmf-dist/tex/latex/hyperref/puenc.def
File: puenc.def 2024-01-20 v7.01h Hyperref: PDF Unicode definition (HO)
)
Package hyperref Info: Option `unicode' set `true' on input line 4062.
Package hyperref Info: Hyper figures OFF on input line 4179.
Package hyperref Info: Link nesting OFF on input line 4184.
Package hyperref Info: Hyper index ON on input line 4187.
Package hyperref Info: Plain pages OFF on input line 4194.
Package hyperref Info: Backreferencing OFF on input line 4199.
Package hyperref Info: Implicit mode ON; LaTeX internals redefined.
Package hyperref Info: Bookmarks ON on input line 4446.
\c@Hy@tempcnt=\count312
(c:/Users/jajohns/AppData/Roaming/TinyTeX/texmf-dist/tex/latex/url/url.sty
\Urlmuskip=\muskip18
Package: url 2013/09/16  ver 3.4  Verb mode for urls, etc.
)
LaTeX Info: Redefining \url on input line 4784.
\XeTeXLinkMargin=\dimen180
(c:/Users/jajohns/AppData/Roaming/TinyTeX/texmf-dist/tex/generic/bitset/bitset.sty
Package: bitset 2019/12/09 v1.3 Handle bit-vector datatype (HO)
(c:/Users/jajohns/AppData/Roaming/TinyTeX/texmf-dist/tex/generic/bigintcalc/bigintcalc.sty
Package: bigintcalc 2019/12/15 v1.5 Expandable calculations on big integers (HO)
))
\Fld@menulength=\count313
\Field@Width=\dimen181
\Fld@charsize=\dimen182
Package hyperref Info: Hyper figures OFF on input line 6063.
Package hyperref Info: Link nesting OFF on input line 6068.
Package hyperref Info: Hyper index ON on input line 6071.
Package hyperref Info: backreferencing OFF on input line 6078.
Package hyperref Info: Link coloring OFF on input line 6083.
Package hyperref Info: Link coloring with OCG OFF on input line 6088.
Package hyperref Info: PDF/A mode OFF on input line 6093.
(c:/Users/jajohns/AppData/Roaming/TinyTeX/texmf-dist/tex/latex/base/atbegshi-ltx.sty
Package: atbegshi-ltx 2021/01/10 v1.0c Emulation of the original atbegshi
package with kernel methods
)
\Hy@abspage=\count314
\c@Item=\count315
\c@Hfootnote=\count316
)
Package hyperref Info: Driver (autodetected): hxetex.
(c:/Users/jajohns/AppData/Roaming/TinyTeX/texmf-dist/tex/latex/hyperref/hxetex.def
File: hxetex.def 2024-01-20 v7.01h Hyperref driver for XeTeX
(c:/Users/jajohns/AppData/Roaming/TinyTeX/texmf-dist/tex/generic/stringenc/stringenc.sty
Package: stringenc 2019/11/29 v1.12 Convert strings between diff. encodings (HO)
)
\pdfm@box=\box66
\c@Hy@AnnotLevel=\count317
\HyField@AnnotCount=\count318
\Fld@listcount=\count319
\c@bookmark@seq@number=\count320
(c:/Users/jajohns/AppData/Roaming/TinyTeX/texmf-dist/tex/latex/rerunfilecheck/rerunfilecheck.sty
Package: rerunfilecheck 2022-07-10 v1.10 Rerun checks for auxiliary files (HO)
(c:/Users/jajohns/AppData/Roaming/TinyTeX/texmf-dist/tex/latex/base/atveryend-ltx.sty
Package: atveryend-ltx 2020/08/19 v1.0a Emulation of the original atveryend package
with kernel methods
) (c:/Users/jajohns/AppData/Roaming/TinyTeX/texmf-dist/tex/generic/uniquecounter/uniquecounter.sty
Package: uniquecounter 2019/12/15 v1.4 Provide unlimited unique counter (HO)
)
Package uniquecounter Info: New unique counter `rerunfilecheck' on input line 285.
)
\Hy@SectionHShift=\skip78
) (c:/Users/jajohns/AppData/Roaming/TinyTeX/texmf-dist/tex/latex/bookmark/bkm-dvipdfm.def
File: bkm-dvipdfm.def 2023-12-10 v1.31 bookmark driver for dvipdfm (HO)
\BKM@id=\count321
)) (c:/Users/jajohns/AppData/Roaming/TinyTeX/texmf-dist/tex/latex/caption/caption.sty
Package: caption 2023/08/05 v3.6o Customizing captions (AR)
(c:/Users/jajohns/AppData/Roaming/TinyTeX/texmf-dist/tex/latex/caption/caption3.sty
Package: caption3 2023/07/31 v2.4d caption3 kernel (AR)
\caption@tempdima=\dimen183
\captionmargin=\dimen184
\caption@leftmargin=\dimen185
\caption@rightmargin=\dimen186
\caption@width=\dimen187
\caption@indent=\dimen188
\caption@parindent=\dimen189
\caption@hangindent=\dimen190
Package caption Info: KOMA-Script document class detected.
(c:/Users/jajohns/AppData/Roaming/TinyTeX/texmf-dist/tex/latex/caption/caption-koma.sto
File: caption-koma.sto 2023/09/08 v2.0e Adaption of the caption package to the KOMA-Script document classes (AR)
))
\c@caption@flags=\count322
\c@continuedfloat=\count323
Package caption Info: hyperref package is loaded.
Package caption Info: longtable package is loaded.
(c:/Users/jajohns/AppData/Roaming/TinyTeX/texmf-dist/tex/latex/caption/ltcaption.sty
Package: ltcaption 2021/01/08 v1.4c longtable captions (AR)
)
Package caption Info: KOMA-Script scrextend package detected.
\caption@addmargin@hsize=\dimen191
\caption@addmargin@linewidth=\dimen192
) (c:/Users/jajohns/AppData/Roaming/TinyTeX/texmf-dist/tex/latex/float/float.sty
Package: float 2001/11/08 v1.3d Float enhancements (AL)
\c@float@type=\count324
\float@exts=\toks27
\float@box=\box67
\@float@everytoks=\toks28
\@floatcapt=\box68
)
\@float@every@codelisting=\toks29
\c@codelisting=\count325
(c:/Users/jajohns/AppData/Roaming/TinyTeX/texmf-dist/tex/latex/caption/subcaption.sty
Package: subcaption 2023/07/28 v1.6b Sub-captions (AR)
Package caption Info: New subtype `subfigure' on input line 238.
\c@subfigure=\count326
Package caption Info: New subtype `subtable' on input line 238.
\c@subtable=\count327
)
Package hyperref Info: Option `colorlinks' set `true' on input line 181.
No file index.aux.
\openout1 = `index.aux'.

LaTeX Font Info:    Checking defaults for OML/cmm/m/it on input line 188.
LaTeX Font Info:    ... okay on input line 188.
LaTeX Font Info:    Checking defaults for OMS/cmsy/m/n on input line 188.
LaTeX Font Info:    ... okay on input line 188.
LaTeX Font Info:    Checking defaults for OT1/cmr/m/n on input line 188.
LaTeX Font Info:    ... okay on input line 188.
LaTeX Font Info:    Checking defaults for T1/cmr/m/n on input line 188.
LaTeX Font Info:    ... okay on input line 188.
LaTeX Font Info:    Checking defaults for TS1/cmr/m/n on input line 188.
LaTeX Font Info:    ... okay on input line 188.
LaTeX Font Info:    Checking defaults for TU/lmr/m/n on input line 188.
LaTeX Font Info:    ... okay on input line 188.
LaTeX Font Info:    Checking defaults for OMX/cmex/m/n on input line 188.
LaTeX Font Info:    ... okay on input line 188.
LaTeX Font Info:    Checking defaults for U/cmr/m/n on input line 188.
LaTeX Font Info:    ... okay on input line 188.
LaTeX Font Info:    Checking defaults for PD1/pdf/m/n on input line 188.
LaTeX Font Info:    ... okay on input line 188.
LaTeX Font Info:    Checking defaults for PU/pdf/m/n on input line 188.
LaTeX Font Info:    ... okay on input line 188.
Package scrbase Info: activating english \abstractname on input line 188.
Package scrbase Info: activating english \partname on input line 188.
Package scrbase Info: activating english \chaptername on input line 188.
Package scrbase Info: activating english \appendixname on input line 188.
Package scrbase Info: activating english \figurename on input line 188.
Package scrbase Info: activating english \tablename on input line 188.
Package scrbase Info: activating english \contentsname on input line 188.
Package scrbase Info: activating english \listfigurename on input line 188.
Package scrbase Info: activating english \listtablename on input line 188.
Package scrbase Info: activating english \bibname on input line 188.
Package scrbase Info: activating english \indexname on input line 188.
LaTeX Font Info:    Overwriting math alphabet `\mathrm' in version `normal'
(Font)                  OT1/lmr/m/n --> TU/lmr/m/n on input line 188.
LaTeX Font Info:    Overwriting math alphabet `\mathit' in version `normal'
(Font)                  OT1/lmr/m/it --> TU/lmr/m/it on input line 188.
LaTeX Font Info:    Overwriting math alphabet `\mathbf' in version `normal'
(Font)                  OT1/lmr/bx/n --> TU/lmr/bx/n on input line 188.
LaTeX Font Info:    Overwriting math alphabet `\mathsf' in version `normal'
(Font)                  OT1/lmss/m/n --> TU/lmss/m/n on input line 188.
LaTeX Font Info:    Overwriting math alphabet `\mathsf' in version `bold'
(Font)                  OT1/lmss/bx/n --> TU/lmss/bx/n on input line 188.
LaTeX Font Info:    Overwriting math alphabet `\mathtt' in version `normal'
(Font)                  OT1/lmtt/m/n --> TU/lmtt/m/n on input line 188.
LaTeX Font Info:    Overwriting math alphabet `\mathtt' in version `bold'
(Font)                  OT1/lmtt/m/n --> TU/lmtt/bx/n on input line 188.

Package fontspec Info: latinmodern-math scale = 0.9999967668407183.


Package fontspec Info: latinmodern-math scale = 0.9999967668407183.


Package fontspec Info: latinmodern-math scale = 0.9999967668407183.


Package fontspec Info: Font family 'latinmodern-math.otf(0)' created for font
(fontspec)             'latinmodern-math.otf' with options
(fontspec)             [Scale=MatchLowercase,BoldItalicFont={},ItalicFont={},SmallCapsFont={},Script=Math,BoldFont={latinmodern-math.otf}].
(fontspec)              
(fontspec)              This font family consists of the following NFSS
(fontspec)             series/shapes:
(fontspec)              
(fontspec)             - 'normal' (m/n) with NFSS spec.:
(fontspec)             <->s*[0.9999967668407183]"[latinmodern-math.otf]/OT:script=math;language=dflt;"
(fontspec)             - 'small caps'  (m/sc) with NFSS spec.: 
(fontspec)             - 'bold' (b/n) with NFSS spec.:
(fontspec)             <->s*[0.9999967668407183]"[latinmodern-math.otf]/OT:script=math;language=dflt;"
(fontspec)             - 'bold small caps'  (b/sc) with NFSS spec.: 

LaTeX Font Info:    Font shape `TU/latinmodern-math.otf(0)/m/n' will be
(Font)              scaled to size 10.95pt on input line 188.

Package fontspec Info: latinmodern-math scale = 0.9999967668407183.


Package fontspec Info: latinmodern-math scale = 0.9999967668407183.


Package fontspec Info: latinmodern-math scale = 0.9999967668407183.


Package fontspec Info: latinmodern-math scale = 0.9999967668407183.


Package fontspec Info: latinmodern-math scale = 0.9999967668407183.


Package fontspec Info: Font family 'latinmodern-math.otf(1)' created for font
(fontspec)             'latinmodern-math.otf' with options
(fontspec)             [Scale=MatchLowercase,BoldItalicFont={},ItalicFont={},SmallCapsFont={},Script=Math,SizeFeatures={{Size=9.3075-},{Size=6.57-9.3075,Font=latinmodern-math.otf,Style=MathScript},{Size=-6.57,Font=latinmodern-math.otf,Style=MathScriptScript}},BoldFont={latinmodern-math.otf}].
(fontspec)              
(fontspec)              This font family consists of the following NFSS
(fontspec)             series/shapes:
(fontspec)              
(fontspec)             - 'normal' (m/n) with NFSS spec.:
(fontspec)             <9.3075->s*[0.9999967668407183]"[latinmodern-math.otf]/OT:script=math;language=dflt;"<6.57-9.3075>s*[0.9999967668407183]"[latinmodern-math.otf]/OT:script=math;language=dflt;+ssty=0;"<-6.57>s*[0.9999967668407183]"[latinmodern-math.otf]/OT:script=math;language=dflt;+ssty=1;"
(fontspec)             - 'small caps'  (m/sc) with NFSS spec.: 
(fontspec)             - 'bold' (b/n) with NFSS spec.:
(fontspec)             <->s*[0.9999967668407183]"[latinmodern-math.otf]/OT:script=math;language=dflt;"
(fontspec)             - 'bold small caps'  (b/sc) with NFSS spec.: 

LaTeX Font Info:    Font shape `TU/latinmodern-math.otf(1)/m/n' will be
(Font)              scaled to size 10.95pt on input line 188.
LaTeX Font Info:    Encoding `OT1' has changed to `TU' for symbol font
(Font)              `operators' in the math version `normal' on input line 188.
LaTeX Font Info:    Overwriting symbol font `operators' in version `normal'
(Font)                  OT1/lmr/m/n --> TU/latinmodern-math.otf(1)/m/n on input line 188.
LaTeX Font Info:    Encoding `OT1' has changed to `TU' for symbol font
(Font)              `operators' in the math version `bold' on input line 188.
LaTeX Font Info:    Overwriting symbol font `operators' in version `bold'
(Font)                  OT1/lmr/bx/n --> TU/latinmodern-math.otf(1)/b/n on input line 188.

Package fontspec Info: latinmodern-math scale = 0.9999967668407183.


Package fontspec Info: latinmodern-math scale = 1.000096766517402.


Package fontspec Info: latinmodern-math scale = 0.9999967668407183.


Package fontspec Info: latinmodern-math scale = 1.000096766517402.


Package fontspec Info: latinmodern-math scale = 0.9999967668407183.


Package fontspec Info: latinmodern-math scale = 1.000096766517402.


Package fontspec Info: latinmodern-math scale = 0.9999967668407183.


Package fontspec Info: latinmodern-math scale = 1.000096766517402.


Package fontspec Info: latinmodern-math scale = 0.9999967668407183.


Package fontspec Info: latinmodern-math scale = 1.000096766517402.


Package fontspec Info: Font family 'latinmodern-math.otf(2)' created for font
(fontspec)             'latinmodern-math.otf' with options
(fontspec)             [Scale=MatchLowercase,BoldItalicFont={},ItalicFont={},SmallCapsFont={},Script=Math,SizeFeatures={{Size=9.3075-},{Size=6.57-9.3075,Font=latinmodern-math.otf,Style=MathScript},{Size=-6.57,Font=latinmodern-math.otf,Style=MathScriptScript}},BoldFont={latinmodern-math.otf},ScaleAgain=1.0001,FontAdjustment={\fontdimen
(fontspec)             8\font =7.41315pt\relax \fontdimen 9\font
(fontspec)             =4.3143pt\relax \fontdimen 10\font =4.8618pt\relax
(fontspec)             \fontdimen 11\font =7.5117pt\relax \fontdimen 12\font
(fontspec)             =3.77776pt\relax \fontdimen 13\font =3.97485pt\relax
(fontspec)             \fontdimen 14\font =3.97485pt\relax \fontdimen 15\font
(fontspec)             =3.16455pt\relax \fontdimen 16\font =2.70465pt\relax
(fontspec)             \fontdimen 17\font =2.70465pt\relax \fontdimen 18\font
(fontspec)             =2.7375pt\relax \fontdimen 19\font =2.19pt\relax
(fontspec)             \fontdimen 22\font =2.7375pt\relax \fontdimen 20\font
(fontspec)             =0pt\relax \fontdimen 21\font =0pt\relax }].
(fontspec)              
(fontspec)              This font family consists of the following NFSS
(fontspec)             series/shapes:
(fontspec)              
(fontspec)             - 'normal' (m/n) with NFSS spec.:
(fontspec)             <9.3075->s*[1.000096766517402]"[latinmodern-math.otf]/OT:script=math;language=dflt;"<6.57-9.3075>s*[1.000096766517402]"[latinmodern-math.otf]/OT:script=math;language=dflt;+ssty=0;"<-6.57>s*[1.000096766517402]"[latinmodern-math.otf]/OT:script=math;language=dflt;+ssty=1;"
(fontspec)             - 'small caps'  (m/sc) with NFSS spec.: 
(fontspec)             and font adjustment code:
(fontspec)             \fontdimen 8\font =7.41315pt\relax \fontdimen 9\font
(fontspec)             =4.3143pt\relax \fontdimen 10\font =4.8618pt\relax
(fontspec)             \fontdimen 11\font =7.5117pt\relax \fontdimen 12\font
(fontspec)             =3.77776pt\relax \fontdimen 13\font =3.97485pt\relax
(fontspec)             \fontdimen 14\font =3.97485pt\relax \fontdimen 15\font
(fontspec)             =3.16455pt\relax \fontdimen 16\font =2.70465pt\relax
(fontspec)             \fontdimen 17\font =2.70465pt\relax \fontdimen 18\font
(fontspec)             =2.7375pt\relax \fontdimen 19\font =2.19pt\relax
(fontspec)             \fontdimen 22\font =2.7375pt\relax \fontdimen 20\font
(fontspec)             =0pt\relax \fontdimen 21\font =0pt\relax 
(fontspec)             - 'bold' (b/n) with NFSS spec.:
(fontspec)             <->s*[1.000096766517402]"[latinmodern-math.otf]/OT:script=math;language=dflt;"
(fontspec)             - 'bold small caps'  (b/sc) with NFSS spec.: 
(fontspec)             and font adjustment code:
(fontspec)             \fontdimen 8\font =7.41315pt\relax \fontdimen 9\font
(fontspec)             =4.3143pt\relax \fontdimen 10\font =4.8618pt\relax
(fontspec)             \fontdimen 11\font =7.5117pt\relax \fontdimen 12\font
(fontspec)             =3.77776pt\relax \fontdimen 13\font =3.97485pt\relax
(fontspec)             \fontdimen 14\font =3.97485pt\relax \fontdimen 15\font
(fontspec)             =3.16455pt\relax \fontdimen 16\font =2.70465pt\relax
(fontspec)             \fontdimen 17\font =2.70465pt\relax \fontdimen 18\font
(fontspec)             =2.7375pt\relax \fontdimen 19\font =2.19pt\relax
(fontspec)             \fontdimen 22\font =2.7375pt\relax \fontdimen 20\font
(fontspec)             =0pt\relax \fontdimen 21\font =0pt\relax 

LaTeX Font Info:    Encoding `OMS' has changed to `TU' for symbol font
(Font)              `symbols' in the math version `normal' on input line 188.
LaTeX Font Info:    Overwriting symbol font `symbols' in version `normal'
(Font)                  OMS/lmsy/m/n --> TU/latinmodern-math.otf(2)/m/n on input line 188.
LaTeX Font Info:    Encoding `OMS' has changed to `TU' for symbol font
(Font)              `symbols' in the math version `bold' on input line 188.
LaTeX Font Info:    Overwriting symbol font `symbols' in version `bold'
(Font)                  OMS/lmsy/b/n --> TU/latinmodern-math.otf(2)/b/n on input line 188.

Package fontspec Info: latinmodern-math scale = 0.9999967668407183.


Package fontspec Info: latinmodern-math scale = 0.9998967671640342.


Package fontspec Info: latinmodern-math scale = 0.9999967668407183.


Package fontspec Info: latinmodern-math scale = 0.9998967671640342.


Package fontspec Info: latinmodern-math scale = 0.9999967668407183.


Package fontspec Info: latinmodern-math scale = 0.9998967671640342.


Package fontspec Info: latinmodern-math scale = 0.9999967668407183.


Package fontspec Info: latinmodern-math scale = 0.9998967671640342.


Package fontspec Info: latinmodern-math scale = 0.9999967668407183.


Package fontspec Info: latinmodern-math scale = 0.9998967671640342.


Package fontspec Info: Font family 'latinmodern-math.otf(3)' created for font
(fontspec)             'latinmodern-math.otf' with options
(fontspec)             [Scale=MatchLowercase,BoldItalicFont={},ItalicFont={},SmallCapsFont={},Script=Math,SizeFeatures={{Size=9.3075-},{Size=6.57-9.3075,Font=latinmodern-math.otf,Style=MathScript},{Size=-6.57,Font=latinmodern-math.otf,Style=MathScriptScript}},BoldFont={latinmodern-math.otf},ScaleAgain=0.9999,FontAdjustment={\fontdimen
(fontspec)             8\font =0.438pt\relax \fontdimen 9\font =2.19pt\relax
(fontspec)             \fontdimen 10\font =1.82864pt\relax \fontdimen 11\font
(fontspec)             =1.21545pt\relax \fontdimen 12\font =6.56999pt\relax
(fontspec)             \fontdimen 13\font =0pt\relax }].
(fontspec)              
(fontspec)              This font family consists of the following NFSS
(fontspec)             series/shapes:
(fontspec)              
(fontspec)             - 'normal' (m/n) with NFSS spec.:
(fontspec)             <9.3075->s*[0.9998967671640342]"[latinmodern-math.otf]/OT:script=math;language=dflt;"<6.57-9.3075>s*[0.9998967671640342]"[latinmodern-math.otf]/OT:script=math;language=dflt;+ssty=0;"<-6.57>s*[0.9998967671640342]"[latinmodern-math.otf]/OT:script=math;language=dflt;+ssty=1;"
(fontspec)             - 'small caps'  (m/sc) with NFSS spec.: 
(fontspec)             and font adjustment code:
(fontspec)             \fontdimen 8\font =0.438pt\relax \fontdimen 9\font
(fontspec)             =2.19pt\relax \fontdimen 10\font =1.82864pt\relax
(fontspec)             \fontdimen 11\font =1.21545pt\relax \fontdimen 12\font
(fontspec)             =6.56999pt\relax \fontdimen 13\font =0pt\relax 
(fontspec)             - 'bold' (b/n) with NFSS spec.:
(fontspec)             <->s*[0.9998967671640342]"[latinmodern-math.otf]/OT:script=math;language=dflt;"
(fontspec)             - 'bold small caps'  (b/sc) with NFSS spec.: 
(fontspec)             and font adjustment code:
(fontspec)             \fontdimen 8\font =0.438pt\relax \fontdimen 9\font
(fontspec)             =2.19pt\relax \fontdimen 10\font =1.82864pt\relax
(fontspec)             \fontdimen 11\font =1.21545pt\relax \fontdimen 12\font
(fontspec)             =6.56999pt\relax \fontdimen 13\font =0pt\relax 

LaTeX Font Info:    Encoding `OMX' has changed to `TU' for symbol font
(Font)              `largesymbols' in the math version `normal' on input line 188.
LaTeX Font Info:    Overwriting symbol font `largesymbols' in version `normal'
(Font)                  OMX/lmex/m/n --> TU/latinmodern-math.otf(3)/m/n on input line 188.
LaTeX Font Info:    Encoding `OMX' has changed to `TU' for symbol font
(Font)              `largesymbols' in the math version `bold' on input line 188.
LaTeX Font Info:    Overwriting symbol font `largesymbols' in version `bold'
(Font)                  OMX/lmex/m/n --> TU/latinmodern-math.otf(3)/b/n on input line 188.
LaTeX Info: Redefining \microtypecontext on input line 188.
Package microtype Info: Applying patch `item' on input line 188.
Package microtype Info: Applying patch `toc' on input line 188.
Package microtype Info: Applying patch `eqnum' on input line 188.
Package microtype Info: Applying patch `footnote' on input line 188.
Package microtype Info: Applying patch `verbatim' on input line 188.
Package microtype Info: Character protrusion enabled (level 2).
Package microtype Info: Using protrusion set `basicmath'.
Package microtype Info: No adjustment of tracking.
Package microtype Info: No adjustment of spacing.
Package microtype Info: No adjustment of kerning.
(c:/Users/jajohns/AppData/Roaming/TinyTeX/texmf-dist/tex/latex/microtype/mt-LatinModernRoman.cfg
File: mt-LatinModernRoman.cfg 2021/02/21 v1.1 microtype config. file: Latin Modern Roman (RS)
)
Package hyperref Info: Link coloring ON on input line 188.

Package hyperref Warning: Rerun to get /PageLabels entry.

Package caption Info: Begin \AtBeginDocument code.
Package caption Info: float package is loaded.
Package caption Info: End \AtBeginDocument code.
Package microtype Info: Loading generic protrusion settings for font family
(microtype)             `lmss' (encoding: TU).
(microtype)             For optimal results, create family-specific settings.
(microtype)             See the microtype manual for details.
LaTeX Font Info:    Font shape `TU/latinmodern-math.otf(1)/m/n' will be
(Font)              scaled to size 14.4pt on input line 190.
LaTeX Font Info:    Font shape `TU/latinmodern-math.otf(1)/m/n' will be
(Font)              scaled to size 10.0pt on input line 190.
LaTeX Font Info:    Font shape `TU/latinmodern-math.otf(1)/m/n' will be
(Font)              scaled to size 7.0pt on input line 190.
LaTeX Font Info:    Trying to load font information for OML+lmm on input line 190.
(c:/Users/jajohns/AppData/Roaming/TinyTeX/texmf-dist/tex/latex/lm/omllmm.fd
File: omllmm.fd 2015/05/01 v1.6.1 Font defs for Latin Modern
)
LaTeX Font Info:    Font shape `TU/latinmodern-math.otf(2)/m/n' will be
(Font)              scaled to size 14.4013pt on input line 190.
LaTeX Font Info:    Font shape `TU/latinmodern-math.otf(2)/m/n' will be
(Font)              scaled to size 10.00092pt on input line 190.
LaTeX Font Info:    Font shape `TU/latinmodern-math.otf(2)/m/n' will be
(Font)              scaled to size 7.00064pt on input line 190.
LaTeX Font Info:    Font shape `TU/latinmodern-math.otf(3)/m/n' will be
(Font)              scaled to size 14.39845pt on input line 190.
LaTeX Font Info:    Font shape `TU/latinmodern-math.otf(3)/m/n' will be
(Font)              scaled to size 9.99893pt on input line 190.
LaTeX Font Info:    Font shape `TU/latinmodern-math.otf(3)/m/n' will be
(Font)              scaled to size 6.99925pt on input line 190.
LaTeX Font Info:    Trying to load font information for U+msa on input line 190.
(c:/Users/jajohns/AppData/Roaming/TinyTeX/texmf-dist/tex/latex/amsfonts/umsa.fd
File: umsa.fd 2013/01/14 v3.01 AMS symbols A
) (c:/Users/jajohns/AppData/Roaming/TinyTeX/texmf-dist/tex/latex/microtype/mt-msa.cfg
File: mt-msa.cfg 2006/02/04 v1.1 microtype config. file: AMS symbols (a) (RS)
)
LaTeX Font Info:    Trying to load font information for U+msb on input line 190.
(c:/Users/jajohns/AppData/Roaming/TinyTeX/texmf-dist/tex/latex/amsfonts/umsb.fd
File: umsb.fd 2013/01/14 v3.01 AMS symbols B
) (c:/Users/jajohns/AppData/Roaming/TinyTeX/texmf-dist/tex/latex/microtype/mt-msb.cfg
File: mt-msb.cfg 2005/06/01 v1.0 microtype config. file: AMS symbols (b) (RS)
)
Overfull \hbox (32.30377pt too wide) in paragraph at lines 190--190
 [][] 
 []

[1



]
Package tocbasic Info: character protrusion at toc deactivated on input line 195.
No file index.toc.
\tf@toc=\write4
\openout4 = `index.toc'.

[2

]
File: images/paste-3.png Graphic file (type bmp)
<images/paste-3.png>

Overfull \hbox (80.9602pt too wide) in paragraph at lines 206--207
 [][] 
 []

[3

]
Overfull \vbox (15.81868pt too high) has occurred while \output is active []

[4]
LaTeX Font Info:    Font shape `TU/latinmodern-math.otf(1)/m/n' will be
(Font)              scaled to size 7.665pt on input line 229.
LaTeX Font Info:    Font shape `TU/latinmodern-math.otf(1)/m/n' will be
(Font)              scaled to size 5.475pt on input line 229.
LaTeX Font Info:    Font shape `TU/latinmodern-math.otf(2)/m/n' will be
(Font)              scaled to size 10.95099pt on input line 229.
LaTeX Font Info:    Font shape `TU/latinmodern-math.otf(2)/m/n' will be
(Font)              scaled to size 7.66568pt on input line 229.
LaTeX Font Info:    Font shape `TU/latinmodern-math.otf(2)/m/n' will be
(Font)              scaled to size 5.4755pt on input line 229.
LaTeX Font Info:    Font shape `TU/latinmodern-math.otf(3)/m/n' will be
(Font)              scaled to size 10.94882pt on input line 229.
LaTeX Font Info:    Font shape `TU/latinmodern-math.otf(3)/m/n' will be
(Font)              scaled to size 7.66417pt on input line 229.
LaTeX Font Info:    Font shape `TU/latinmodern-math.otf(3)/m/n' will be
(Font)              scaled to size 5.47441pt on input line 229.

Underfull \hbox (badness 2376) in paragraph at lines 264--270
[]\TU/lmr/m/n/10.95 The ability to view the source documents on GitHub at [][]$[][][][][] [] [] [] [][][][][][] [] [][][] []
 []


Overfull \hbox (23.4439pt too wide) in paragraph at lines 264--270
[][][][] [] [][][][][][][][][][] [] [][] [] [][][][][][][][][][][][][][] [] [][][] [] [][][][] [] [][][][] [] [][][][] [] [][][][][][][][][][] [] [][] [] [][][][][][][][][][][][][][] []
 []

[5] [6]
chapter without number

Class scrreprt Warning: \float@addtolists detected!
(scrreprt)              Implementation of \float@addtolist became
(scrreprt)              deprecated in KOMA-Script v3.01 2008/11/14 and
(scrreprt)              has been replaced by several more flexible
(scrreprt)              features of package `tocbasic`.
(scrreprt)              Since Version 3.12 support for deprecated
(scrreprt)              \float@addtolist interface has been
(scrreprt)              restricted to only some of the KOMA-Script
(scrreprt)              features and been removed from others.
(scrreprt)              Loading of package `scrhack' may help to
(scrreprt)              avoid this warning, if you are using a
(scrreprt)              a package that still implements the
(scrreprt)              deprecated \float@addtolist interface.

File: images/cell-2-output-1.png Graphic file (type bmp)
<images/cell-2-output-1.png>

Overfull \hbox (137.08574pt too wide) in paragraph at lines 295--296
[] 
 []

[7

] [8] [9]
File: media/1-1-what-is-economics-and-why-is-it-important_rId28.jpeg Graphic file (type bmp)
<media/1-1-what-is-economics-and-why-is-it-important_rId28.jpeg>

LaTeX Warning: Hyper reference `fig_1_2' on page 10 undefined on input line 465.

[10]

LaTeX Warning: Hyper reference `fig_1_3' on page 11 undefined on input line 505.

File: media/1-1-what-is-economics-and-why-is-it-important_rId34.jpeg Graphic file (type bmp)
<media/1-1-what-is-economics-and-why-is-it-important_rId34.jpeg>
[11]

LaTeX Warning: Hyper reference `fig_1_4' on page 12 undefined on input line 544.

[12]
File: media/1-1-what-is-economics-and-why-is-it-important_rId40.jpeg Graphic file (type bmp)
<media/1-1-what-is-economics-and-why-is-it-important_rId40.jpeg>
[13] [14]
File: media/1-1-what-is-economics-and-why-is-it-important_rId53.jpeg Graphic file (type bmp)
<media/1-1-what-is-economics-and-why-is-it-important_rId53.jpeg>
[15] [16] [17]
File: media/1-3-how-economists-use-theories-and-models-to-understand-economic-issues_rId22.jpeg Graphic file (type bmp)
<media/1-3-how-economists-use-theories-and-models-to-understand-economic-issues_rId22.jpeg>

LaTeX Warning: Hyper reference `fig_1_6' on page 18 undefined on input line 838.

[18]

LaTeX Warning: Hyper reference `fig_1_7' on page 19 undefined on input line 876.

File: media/1-3-how-economists-use-theories-and-models-to-understand-economic-issues_rId33.jpeg Graphic file (type bmp)
<media/1-3-how-economists-use-theories-and-models-to-understand-economic-issues_rId33.jpeg>
[19] [20]
File: media/1-4-how-to-organize-economies-an-overview-of-economic-systems_rId23.jpeg Graphic file (type bmp)
<media/1-4-how-to-organize-economies-an-overview-of-economic-systems_rId23.jpeg>
[21]

LaTeX Warning: Hyper reference `fig_1_8' on page 22 undefined on input line 986.

File: media/1-4-how-to-organize-economies-an-overview-of-economic-systems_rId27.jpeg Graphic file (type bmp)
<media/1-4-how-to-organize-economies-an-overview-of-economic-systems_rId27.jpeg>
[22]

LaTeX Warning: Hyper reference `fig_1_9' on page 23 undefined on input line 1009.

[23]

LaTeX Warning: Reference `tbl-table_01_01' on page 24 undefined on input line 1055.


Package longtable Warning: Column widths have changed
(longtable)                in table 1 on input line 1097.

[24]
File: media/1-4-how-to-organize-economies-an-overview-of-economic-systems_rId35.jpeg Graphic file (type bmp)
<media/1-4-how-to-organize-economies-an-overview-of-economic-systems_rId35.jpeg>
[25]

LaTeX Warning: Hyper reference `fig_1_10' on page 26 undefined on input line 1138.


LaTeX Warning: Reference `tbl-table_01_02' on page 26 undefined on input line 1149.


Underfull \hbox (badness 10000) in paragraph at lines 1168--1168
[][][]|\TU/lmr/m/n/10.95 The Extent of Globalization (exports/GDP) (Source:
 []

[26]

LaTeX Warning: Reference `tbl-table_01_02' on page 27 undefined on input line 1234.


LaTeX Warning: Reference `sec-appendix-a' on page 27 undefined on input line 1251.

[27]
Underfull \hbox (badness 1286) in paragraph at lines 1284--1293
[]\TU/lmr/m/n/10.95 This textbook is an Open-Educational Resource (OER) textbook, licensed under an
 []


Underfull \hbox (badness 1112) in paragraph at lines 1284--1293
\TU/lmr/m/n/10.95 other OER textbook provided by [][]OpenStax.org[][] at [][]$[][][][][] [] [] [] [][][][][][][][] [] [][][] [] [][][][][][][] [] [][][][][] []
 []

[28]
chapter without number
File: media/2-introduction-to-choice-in-a-world-of-scarcity_rId20.jpeg Graphic file (type bmp)
<media/2-introduction-to-choice-in-a-world-of-scarcity_rId20.jpeg>

Overfull \hbox (11.43065pt too wide) in paragraph at lines 1302--1303
 [][] 
 []

[29

] [30]

LaTeX Warning: Hyper reference `fig-2_2' on page 31 undefined on input line 1421.

File: media/2-1-how-individuals-make-choices-based-on-their-budget-constraint_rId22.jpeg Graphic file (type bmp)
<media/2-1-how-individuals-make-choices-based-on-their-budget-constraint_rId22.jpeg>
[31] [32]

LaTeX Warning: Reference `sec-appendix-a' on page 33 undefined on input line 1506.


LaTeX Warning: Reference `sec-appendix-a' on page 33 undefined on input line 1514.


Overfull \hbox (44.6107pt too wide) detected at line 1535
[][]
 []

[33]

LaTeX Warning: Hyper reference `fig-2_2' on page 34 undefined on input line 1577.


LaTeX Warning: Reference `tbl-table_2_1' on page 34 undefined on input line 1581.

[34] [35]

LaTeX Warning: Reference `sec-chapter-6' on page 36 undefined on input line 1722.

[36] [37]

LaTeX Warning: Hyper reference `fig-2_3' on page 38 undefined on input line 1849.

File: media/2-2-the-production-possibilities-frontier-and-social-choices_rId23.jpeg Graphic file (type bmp)
<media/2-2-the-production-possibilities-frontier-and-social-choices_rId23.jpeg>
[38]

LaTeX Warning: Hyper reference `fig-2_3' on page 39 undefined on input line 1869.

[39] [40] [41]

LaTeX Warning: Hyper reference `fig-2_4' on page 42 undefined on input line 2017.

File: media/2-2-the-production-possibilities-frontier-and-social-choices_rId33.jpeg Graphic file (type bmp)
<media/2-2-the-production-possibilities-frontier-and-social-choices_rId33.jpeg>

LaTeX Warning: Hyper reference `fig-2_4' on page 42 undefined on input line 2044.

[42]

LaTeX Warning: Reference `sec-chapter-1' on page 43 undefined on input line 2078.

[43]

LaTeX Warning: Hyper reference `fig-2_5' on page 44 undefined on input line 2130.

File: media/2-2-the-production-possibilities-frontier-and-social-choices_rId45.jpeg Graphic file (type bmp)
<media/2-2-the-production-possibilities-frontier-and-social-choices_rId45.jpeg>

Overfull \hbox (22.99382pt too wide) in paragraph at lines 2136--2137
 [][] 
 []

[44]

LaTeX Warning: Reference `sec-chapter-19' on page 45 undefined on input line 2167.

[45]

LaTeX Warning: Reference `sec-chapter-6' on page 46 undefined on input line 2245.

[46]

LaTeX Warning: Hyper reference `fig-2_6' on page 47 undefined on input line 2315.

[47]
File: media/2-3-confronting-objections-to-the-economic-approach_rId31.jpeg Graphic file (type bmp)
<media/2-3-confronting-objections-to-the-economic-approach_rId31.jpeg>

Overfull \hbox (22.99382pt too wide) in paragraph at lines 2359--2360
 [][] 
 []

[48] [49]
Underfull \hbox (badness 1286) in paragraph at lines 2439--2448
[]\TU/lmr/m/n/10.95 This textbook is an Open-Educational Resource (OER) textbook, licensed under an
 []


Underfull \hbox (badness 1112) in paragraph at lines 2439--2448
\TU/lmr/m/n/10.95 other OER textbook provided by [][]OpenStax.org[][] at [][]$[][][][][] [] [] [] [][][][][][][][] [] [][][] [] [][][][][][][] [] [][][][][] []
 []

[50]
chapter without number
File: media/3-introduction-to-demand-and-supply_rId20.jpeg Graphic file (type bmp)
<media/3-introduction-to-demand-and-supply_rId20.jpeg>

Overfull \hbox (22.99382pt too wide) in paragraph at lines 2457--2458
 [][] 
 []

[51

] [52] [53]

LaTeX Warning: Reference `tbl-table_3_1' on page 54 undefined on input line 2599.


LaTeX Warning: Hyper reference `fig-3_2' on page 54 undefined on input line 2604.


LaTeX Warning: Reference `tbl-table_3_1' on page 54 undefined on input line 2611.


LaTeX Warning: Hyper reference `fig-3_2' on page 54 undefined on input line 2612.

File: media/3-1-demand-supply-and-equilibrium-in-markets-for-goods-and-services_rId28.jpeg Graphic file (type bmp)
<media/3-1-demand-supply-and-equilibrium-in-markets-for-goods-and-services_rId28.jpeg>
[54] [55]

LaTeX Warning: Hyper reference `fig-3_3' on page 56 undefined on input line 2718.


LaTeX Warning: Reference `tbl-table_3_2' on page 56 undefined on input line 2721.

File: media/3-1-demand-supply-and-equilibrium-in-markets-for-goods-and-services_rId42.jpeg Graphic file (type bmp)
<media/3-1-demand-supply-and-equilibrium-in-markets-for-goods-and-services_rId42.jpeg>
[56]

LaTeX Warning: Hyper reference `fig-3_4' on page 57 undefined on input line 2790.


LaTeX Warning: Hyper reference `fig-3_2' on page 57 undefined on input line 2792.


LaTeX Warning: Hyper reference `fig-3_3' on page 57 undefined on input line 2793.


LaTeX Warning: Reference `tbl-table_3_3' on page 57 undefined on input line 2793.

File: media/3-1-demand-supply-and-equilibrium-in-markets-for-goods-and-services_rId47.jpeg Graphic file (type bmp)
<media/3-1-demand-supply-and-equilibrium-in-markets-for-goods-and-services_rId47.jpeg>
[57]

LaTeX Warning: Hyper reference `fig-3_4' on page 58 undefined on input line 2857.


LaTeX Warning: Hyper reference `fig-3_4' on page 58 undefined on input line 2866.


LaTeX Warning: Hyper reference `fig-3_4' on page 58 undefined on input line 2881.

[58]

LaTeX Warning: Hyper reference `fig-3_4' on page 59 undefined on input line 2910.


LaTeX Warning: Reference `sec-chapter-5' on page 59 undefined on input line 2926.

[59]
LaTeX Font Info:    Font shape `TU/lmss/bx/it' in size <10.95> not available
(Font)              Font shape `TU/lmss/bx/sl' tried instead on input line 2989.
[60]

LaTeX Warning: Hyper reference `fig-3_5' on page 61 undefined on input line 3032.


LaTeX Warning: Hyper reference `fig-3_5' on page 61 undefined on input line 3047.


LaTeX Warning: Reference `tbl-table_3_4' on page 61 undefined on input line 3052.

[61]
File: media/3-2-shifts-in-demand-and-supply-for-goods-and-services_rId33.jpeg Graphic file (type bmp)
<media/3-2-shifts-in-demand-and-supply-for-goods-and-services_rId33.jpeg>
[62] [63]

LaTeX Warning: Hyper reference `fig-3_6' on page 64 undefined on input line 3232.

File: media/3-2-shifts-in-demand-and-supply-for-goods-and-services_rId44.jpeg Graphic file (type bmp)
<media/3-2-shifts-in-demand-and-supply-for-goods-and-services_rId44.jpeg>

LaTeX Warning: Hyper reference `fig-3_7' on page 64 undefined on input line 3254.

[64]
File: media/3-2-shifts-in-demand-and-supply-for-goods-and-services_rId47.jpeg Graphic file (type bmp)
<media/3-2-shifts-in-demand-and-supply-for-goods-and-services_rId47.jpeg>

LaTeX Warning: Hyper reference `fig-3_8' on page 65 undefined on input line 3275.

File: media/3-2-shifts-in-demand-and-supply-for-goods-and-services_rId50.jpeg Graphic file (type bmp)
<media/3-2-shifts-in-demand-and-supply-for-goods-and-services_rId50.jpeg>

LaTeX Warning: Hyper reference `fig-3_9' on page 65 undefined on input line 3296.

[65]
File: media/3-2-shifts-in-demand-and-supply-for-goods-and-services_rId56.jpeg Graphic file (type bmp)
<media/3-2-shifts-in-demand-and-supply-for-goods-and-services_rId56.jpeg>

Overfull \hbox (22.99382pt too wide) in paragraph at lines 3309--3310
 [][] 
 []

[66]

LaTeX Warning: Hyper reference `fig-3_10' on page 67 undefined on input line 3368.


LaTeX Warning: Reference `tbl-table_3_5' on page 67 undefined on input line 3373.

File: media/3-2-shifts-in-demand-and-supply-for-goods-and-services_rId64.jpeg Graphic file (type bmp)
<media/3-2-shifts-in-demand-and-supply-for-goods-and-services_rId64.jpeg>
[67] [68] [69]

LaTeX Warning: Hyper reference `fig-3_11' on page 70 undefined on input line 3516.

File: media/3-2-shifts-in-demand-and-supply-for-goods-and-services_rId70.jpeg Graphic file (type bmp)
<media/3-2-shifts-in-demand-and-supply-for-goods-and-services_rId70.jpeg>

LaTeX Warning: Hyper reference `fig-3_12' on page 70 undefined on input line 3544.

File: media/3-2-shifts-in-demand-and-supply-for-goods-and-services_rId73.jpeg Graphic file (type bmp)
<media/3-2-shifts-in-demand-and-supply-for-goods-and-services_rId73.jpeg>

LaTeX Warning: Hyper reference `fig-3_13' on page 70 undefined on input line 3566.

File: media/3-2-shifts-in-demand-and-supply-for-goods-and-services_rId76.jpeg Graphic file (type bmp)
<media/3-2-shifts-in-demand-and-supply-for-goods-and-services_rId76.jpeg>
[70]

LaTeX Warning: Hyper reference `fig-3_14' on page 71 undefined on input line 3588.

File: media/3-2-shifts-in-demand-and-supply-for-goods-and-services_rId79.jpeg Graphic file (type bmp)
<media/3-2-shifts-in-demand-and-supply-for-goods-and-services_rId79.jpeg>
[71]

LaTeX Warning: Hyper reference `fig-3_15' on page 72 undefined on input line 3613.

File: media/3-2-shifts-in-demand-and-supply-for-goods-and-services_rId85.jpeg Graphic file (type bmp)
<media/3-2-shifts-in-demand-and-supply-for-goods-and-services_rId85.jpeg>

Overfull \hbox (22.99382pt too wide) in paragraph at lines 3625--3626
 [][] 
 []

[72] [73]

LaTeX Warning: Hyper reference `fig-3_16' on page 74 undefined on input line 3717.


LaTeX Warning: Reference `tbl-table_3_6' on page 74 undefined on input line 3719.

File: media/3-3-changes-in-equilibrium-price-and-quantity-the-four-step-process_rId22.jpeg Graphic file (type bmp)
<media/3-3-changes-in-equilibrium-price-and-quantity-the-four-step-process_rId22.jpeg>
[74]

LaTeX Warning: Hyper reference `fig-3_16' on page 75 undefined on input line 3794.


LaTeX Warning: Reference `tbl-table_3_6' on page 75 undefined on input line 3795.


LaTeX Warning: Hyper reference `fig-3_17' on page 75 undefined on input line 3818.

File: media/3-3-changes-in-equilibrium-price-and-quantity-the-four-step-process_rId28.jpeg Graphic file (type bmp)
<media/3-3-changes-in-equilibrium-price-and-quantity-the-four-step-process_rId28.jpeg>
[75] [76]

LaTeX Warning: Hyper reference `fig-3_18' on page 77 undefined on input line 3898.

File: media/3-3-changes-in-equilibrium-price-and-quantity-the-four-step-process_rId36.jpeg Graphic file (type bmp)
<media/3-3-changes-in-equilibrium-price-and-quantity-the-four-step-process_rId36.jpeg>

Overfull \hbox (22.99382pt too wide) in paragraph at lines 3905--3906
 [][] 
 []

[77]
Underfull \vbox (badness 10000) detected at line 4034
 []


Underfull \vbox (badness 10000) detected at line 4034
 []

[78]
Underfull \vbox (badness 10000) detected at line 4034
 []


Underfull \vbox (badness 10000) detected at line 4034
 []

[79]
File: 03_demand_and_supply_files/figure-pdf/cell-2-output-1.pdf Graphic file (type pdf)
<use 03_demand_and_supply_files/figure-pdf/cell-2-output-1.pdf>

Overfull \hbox (10.94264pt too wide) in paragraph at lines 4036--4037
[][] 
 []

[80]

LaTeX Warning: Hyper reference `fig-3_18' on page 81 undefined on input line 4050.


LaTeX Warning: Hyper reference `fig-3_18' on page 81 undefined on input line 4072.

[81]

LaTeX Warning: Hyper reference `fig-3_19' on page 82 undefined on input line 4100.

File: media/3-3-changes-in-equilibrium-price-and-quantity-the-four-step-process_rId39.jpeg Graphic file (type bmp)
<media/3-3-changes-in-equilibrium-price-and-quantity-the-four-step-process_rId39.jpeg>
[82]
File: media/3-3-changes-in-equilibrium-price-and-quantity-the-four-step-process_rId43.jpeg Graphic file (type bmp)
<media/3-3-changes-in-equilibrium-price-and-quantity-the-four-step-process_rId43.jpeg>
[83] [84] [85]

LaTeX Warning: Hyper reference `fig-3_21' on page 86 undefined on input line 4298.


LaTeX Warning: Reference `tbl-table_3_7' on page 86 undefined on input line 4304.

File: media/3-4-price-ceilings-and-price-floors_rId25.jpeg Graphic file (type bmp)
<media/3-4-price-ceilings-and-price-floors_rId25.jpeg>
[86]

LaTeX Warning: Hyper reference `fig-3_21' on page 87 undefined on input line 4371.

[87]

LaTeX Warning: Hyper reference `fig-3_22' on page 88 undefined on input line 4431.

File: media/3-4-price-ceilings-and-price-floors_rId31.jpeg Graphic file (type bmp)
<media/3-4-price-ceilings-and-price-floors_rId31.jpeg>
[88]

LaTeX Warning: Hyper reference `fig-3_23' on page 89 undefined on input line 4508.

[89]
File: media/3-5-demand-supply-and-efficiency_rId26.jpeg Graphic file (type bmp)
<media/3-5-demand-supply-and-efficiency_rId26.jpeg>

LaTeX Warning: Hyper reference `fig-3_23' on page 90 undefined on input line 4550.


LaTeX Warning: Hyper reference `fig-3_23' on page 90 undefined on input line 4559.


LaTeX Warning: Hyper reference `fig-3_23' on page 90 undefined on input line 4565.

[90]

LaTeX Warning: Hyper reference `fig-3_24' on page 91 undefined on input line 4586.


LaTeX Warning: Hyper reference `fig-3_24' on page 91 undefined on input line 4596.

File: media/3-5-demand-supply-and-efficiency_rId38.jpeg Graphic file (type bmp)
<media/3-5-demand-supply-and-efficiency_rId38.jpeg>

Overfull \hbox (22.99382pt too wide) in paragraph at lines 4614--4615
 [][] 
 []


LaTeX Warning: Hyper reference `fig-3_24' on page 91 undefined on input line 4633.

[91] [92] [93]
Underfull \hbox (badness 1286) in paragraph at lines 4735--4744
[]\TU/lmr/m/n/10.95 This textbook is an Open-Educational Resource (OER) textbook, licensed under an
 []


Underfull \hbox (badness 1112) in paragraph at lines 4735--4744
\TU/lmr/m/n/10.95 other OER textbook provided by [][]OpenStax.org[][] at [][]$[][][][][] [] [] [] [][][][][][][][] [] [][][] [] [][][][][][][] [] [][][][][] []
 []

[94]
chapter without number
File: media/4-introduction-to-labor-and-financial-markets_rId20.jpeg Graphic file (type bmp)
<media/4-introduction-to-labor-and-financial-markets_rId20.jpeg>

Overfull \hbox (22.99382pt too wide) in paragraph at lines 4753--4754
 [][] 
 []

[95

] [96]

LaTeX Warning: Hyper reference `fig-4_2' on page 97 undefined on input line 4873.


LaTeX Warning: Reference `tbl-table_4_1' on page 97 undefined on input line 4875.

File: media/4-1-demand-and-supply-at-work-in-labor-markets_rId24.jpeg Graphic file (type bmp)
<media/4-1-demand-and-supply-at-work-in-labor-markets_rId24.jpeg>
[97] [98]

LaTeX Warning: Hyper reference `fig-4_2' on page 99 undefined on input line 4954.

[99]

LaTeX Warning: Reference `tbl-table_4_2' on page 100 undefined on input line 5025.

[100] [101]

LaTeX Warning: Reference `tbl-table_4_3' on page 102 undefined on input line 5114.

[102] [103]

LaTeX Warning: Reference `sec-chapter-3' on page 104 undefined on input line 5194.

[104]

LaTeX Warning: Hyper reference `CNX_Econ_C04_009' on page 105 undefined on input line 5198.


LaTeX Warning: Hyper reference `fig-4_3' on page 105 undefined on input line 5199.

File: media/4-1-demand-and-supply-at-work-in-labor-markets_rId39.jpeg Graphic file (type bmp)
<media/4-1-demand-and-supply-at-work-in-labor-markets_rId39.jpeg>

Overfull \hbox (22.99382pt too wide) in paragraph at lines 5209--5210
 [][] 
 []

[105]

LaTeX Warning: Hyper reference `fig-4_4' on page 106 undefined on input line 5299.


LaTeX Warning: Reference `tbl-table_4_4' on page 106 undefined on input line 5313.

[106]
File: media/4-1-demand-and-supply-at-work-in-labor-markets_rId48.jpeg Graphic file (type bmp)
<media/4-1-demand-and-supply-at-work-in-labor-markets_rId48.jpeg>

Package longtable Warning: Column widths have changed
(longtable)                in table 4 on input line 5354.

[107] [108]

LaTeX Warning: Reference `sec-chapter-15' on page 109 undefined on input line 5444.

[109]

LaTeX Warning: Reference `sec-chapter-17' on page 110 undefined on input line 5487.


LaTeX Warning: Hyper reference `fig-4_5' on page 110 undefined on input line 5519.


LaTeX Warning: Reference `tbl-table_4_5' on page 110 undefined on input line 5524.

[110]
File: media/4-2-demand-and-supply-in-financial-markets_rId25.jpeg Graphic file (type bmp)
<media/4-2-demand-and-supply-in-financial-markets_rId25.jpeg>
[111]

LaTeX Warning: Hyper reference `fig-4_5' on page 112 undefined on input line 5606.

[112] [113]

LaTeX Warning: Hyper reference `fig-4_6' on page 114 undefined on input line 5715.

File: media/4-2-demand-and-supply-in-financial-markets_rId37.jpeg Graphic file (type bmp)
<media/4-2-demand-and-supply-in-financial-markets_rId37.jpeg>

LaTeX Warning: Hyper reference `fig-4_7' on page 114 undefined on input line 5752.

File: media/4-2-demand-and-supply-in-financial-markets_rId40.jpeg Graphic file (type bmp)
<media/4-2-demand-and-supply-in-financial-markets_rId40.jpeg>
[114] [115]

LaTeX Warning: Hyper reference `fig-4_8' on page 116 undefined on input line 5811.


LaTeX Warning: Hyper reference `fig-4_8' on page 116 undefined on input line 5821.

File: media/4-2-demand-and-supply-in-financial-markets_rId46.jpeg Graphic file (type bmp)
<media/4-2-demand-and-supply-in-financial-markets_rId46.jpeg>
[116]

LaTeX Warning: Reference `sec-chapter-2' on page 117 undefined on input line 5897.


LaTeX Warning: Hyper reference `fig-4_9' on page 117 undefined on input line 5908.

[117]
File: media/4-3-the-market-system-as-an-efficient-mechanism-for-information_rId24.jpeg Graphic file (type bmp)
<media/4-3-the-market-system-as-an-efficient-mechanism-for-information_rId24.jpeg>
[118] [119]

LaTeX Warning: Hyper reference `fig-4_10' on page 120 undefined on input line 6021.

File: media/4-3-the-market-system-as-an-efficient-mechanism-for-information_rId29.jpeg Graphic file (type bmp)
<media/4-3-the-market-system-as-an-efficient-mechanism-for-information_rId29.jpeg>

LaTeX Warning: Hyper reference `fig-4_11' on page 120 undefined on input line 6049.

File: media/4-3-the-market-system-as-an-efficient-mechanism-for-information_rId32.jpeg Graphic file (type bmp)
<media/4-3-the-market-system-as-an-efficient-mechanism-for-information_rId32.jpeg>

LaTeX Warning: Hyper reference `fig-4_10' on page 120 undefined on input line 6068.

[120]
Underfull \hbox (badness 1286) in paragraph at lines 6082--6091
[]\TU/lmr/m/n/10.95 This textbook is an Open-Educational Resource (OER) textbook, licensed under an
 []


Underfull \hbox (badness 1112) in paragraph at lines 6082--6091
\TU/lmr/m/n/10.95 other OER textbook provided by [][]OpenStax.org[][] at [][]$[][][][][] [] [] [] [][][][][][][][] [] [][][] [] [][][][][][][] [] [][][][][] []
 []

[121]
chapter without number
File: media/5-introduction-to-elasticity_rId20.jpeg Graphic file (type bmp)
<media/5-introduction-to-elasticity_rId20.jpeg>

Overfull \hbox (22.99382pt too wide) in paragraph at lines 6100--6101
 [][] 
 []

[122

] [123]

LaTeX Warning: Reference `tbl-table_5_1' on page 124 undefined on input line 6235.


LaTeX Warning: Reference `tbl-table_5_1' on page 124 undefined on input line 6241.

[124]

LaTeX Warning: Hyper reference `fig-5_2' on page 125 undefined on input line 6309.

File: media/5-1-price-elasticity-of-demand-and-price-elasticity-of-supply_rId35.jpeg Graphic file (type bmp)
<media/5-1-price-elasticity-of-demand-and-price-elasticity-of-supply_rId35.jpeg>
[125] [126]

LaTeX Warning: Hyper reference `fig-5_2' on page 127 undefined on input line 6370.

[127]

LaTeX Warning: Hyper reference `fig-5_3' on page 128 undefined on input line 6426.

File: media/5-1-price-elasticity-of-demand-and-price-elasticity-of-supply_rId54.jpeg Graphic file (type bmp)
<media/5-1-price-elasticity-of-demand-and-price-elasticity-of-supply_rId54.jpeg>
[128]

LaTeX Warning: Hyper reference `fig-5_2' on page 129 undefined on input line 6480.

[129]

LaTeX Warning: Hyper reference `fig-5_4' on page 130 undefined on input line 6536.

File: media/5-2-polar-cases-of-elasticity-and-constant-elasticity_rId25.jpeg Graphic file (type bmp)
<media/5-2-polar-cases-of-elasticity-and-constant-elasticity_rId25.jpeg>

LaTeX Warning: Hyper reference `fig-5_5' on page 130 undefined on input line 6566.

[130]
File: media/5-2-polar-cases-of-elasticity-and-constant-elasticity_rId30.jpeg Graphic file (type bmp)
<media/5-2-polar-cases-of-elasticity-and-constant-elasticity_rId30.jpeg>

LaTeX Warning: Hyper reference `fig-5_6' on page 131 undefined on input line 6594.

[131]
File: media/5-2-polar-cases-of-elasticity-and-constant-elasticity_rId34.jpeg Graphic file (type bmp)
<media/5-2-polar-cases-of-elasticity-and-constant-elasticity_rId34.jpeg>

LaTeX Warning: Hyper reference `fig-5_7' on page 132 undefined on input line 6638.

[132]
File: media/5-2-polar-cases-of-elasticity-and-constant-elasticity_rId37.jpeg Graphic file (type bmp)
<media/5-2-polar-cases-of-elasticity-and-constant-elasticity_rId37.jpeg>
[133]

LaTeX Warning: Reference `tbl-table_5_2' on page 134 undefined on input line 6692.


Package longtable Warning: Column widths have changed
(longtable)                in table 2 on input line 6730.

[134]

LaTeX Warning: Reference `tbl-table_5_3' on page 135 undefined on input line 6767.

[135]

LaTeX Warning: Hyper reference `fig-5_8' on page 136 undefined on input line 6860.


LaTeX Warning: Hyper reference `fig-5_8' on page 136 undefined on input line 6861.


LaTeX Warning: Hyper reference `fig-5_8' on page 136 undefined on input line 6866.

File: media/5-3-elasticity-and-pricing_rId27.jpeg Graphic file (type bmp)
<media/5-3-elasticity-and-pricing_rId27.jpeg>
[136]

LaTeX Warning: Hyper reference `fig-5_8' on page 137 undefined on input line 6896.


LaTeX Warning: Hyper reference `fig-5_8' on page 137 undefined on input line 6908.

[137]

LaTeX Warning: Hyper reference `fig-5_8' on page 138 undefined on input line 6943.


LaTeX Warning: Hyper reference `fig-5_9' on page 138 undefined on input line 6954.


LaTeX Warning: Hyper reference `fig-5_9' on page 138 undefined on input line 6966.

File: media/5-3-elasticity-and-pricing_rId31.jpeg Graphic file (type bmp)
<media/5-3-elasticity-and-pricing_rId31.jpeg>

Overfull \hbox (22.99382pt too wide) in paragraph at lines 6978--6979
 [][] 
 []

[138]

LaTeX Warning: Hyper reference `fig-5_10' on page 139 undefined on input line 7032.

[139]
File: media/5-3-elasticity-and-pricing_rId37.jpeg Graphic file (type bmp)
<media/5-3-elasticity-and-pricing_rId37.jpeg>

Overfull \hbox (22.99382pt too wide) in paragraph at lines 7039--7040
 [][] 
 []


LaTeX Warning: Hyper reference `fig-5_10' on page 140 undefined on input line 7058.


LaTeX Warning: Hyper reference `CNX_Econ_C05_025' on page 140 undefined on input line 7071.

[140]

LaTeX Warning: Hyper reference `fig-5_10' on page 141 undefined on input line 7080.


LaTeX Warning: Hyper reference `fig-5_10' on page 141 undefined on input line 7084.


LaTeX Warning: Hyper reference `fig-5_11' on page 141 undefined on input line 7122.


LaTeX Warning: Hyper reference `fig-5_11' on page 141 undefined on input line 7131.


LaTeX Warning: Hyper reference `fig-5_11' on page 141 undefined on input line 7132.

[141]
File: media/5-3-elasticity-and-pricing_rId42.jpeg Graphic file (type bmp)
<media/5-3-elasticity-and-pricing_rId42.jpeg>

Overfull \hbox (22.99382pt too wide) in paragraph at lines 7140--7141
 [][] 
 []


LaTeX Warning: Hyper reference `fig-5_11' on page 142 undefined on input line 7162.


LaTeX Warning: Hyper reference `fig-5_11' on page 142 undefined on input line 7164.


LaTeX Warning: Hyper reference `fig-5_11' on page 142 undefined on input line 7167.

[142] [143]

LaTeX Warning: Reference `sec-chapter-3' on page 144 undefined on input line 7249.

[144]

LaTeX Warning: Reference `tbl-table_5_4' on page 145 undefined on input line 7344.

[145] [146]
Underfull \hbox (badness 1286) in paragraph at lines 7458--7467
[]\TU/lmr/m/n/10.95 This textbook is an Open-Educational Resource (OER) textbook, licensed under an
 []


Underfull \hbox (badness 1112) in paragraph at lines 7458--7467
\TU/lmr/m/n/10.95 other OER textbook provided by [][]OpenStax.org[][] at [][]$[][][][][] [] [] [] [][][][][][][][] [] [][][] [] [][][][][][][] [] [][][][][] []
 []

[147]
chapter without number
File: media/6-introduction-to-consumer-choices_rId20.jpeg Graphic file (type bmp)
<media/6-introduction-to-consumer-choices_rId20.jpeg>

Overfull \hbox (22.99382pt too wide) in paragraph at lines 7476--7477
 [][] 
 []

[148

]

LaTeX Warning: Reference `sec-chapter-2' on page 149 undefined on input line 7558.


LaTeX Warning: Reference `sec-appendix-b' on page 149 undefined on input line 7562.

[149]

LaTeX Warning: Reference `tbl-table_6_1' on page 150 undefined on input line 7584.


LaTeX Warning: Hyper reference `fig-6_2' on page 150 undefined on input line 7643.

[150]

LaTeX Warning: Hyper reference `fig-6_2' on page 151 undefined on input line 7645.

File: media/6-1-consumption-choices_rId26.jpeg Graphic file (type bmp)
<media/6-1-consumption-choices_rId26.jpeg>

LaTeX Warning: Reference `tbl-table_6_2' on page 151 undefined on input line 7686.

[151]

LaTeX Warning: Reference `sec-chapter-2' on page 152 undefined on input line 7710.


LaTeX Warning: Reference `tbl-table_6_2' on page 152 undefined on input line 7712.

[152]

LaTeX Warning: Reference `tbl-table_6_3' on page 153 undefined on input line 7776.


LaTeX Warning: Hyper reference `fig-6_2' on page 153 undefined on input line 7777.


Package longtable Warning: Column widths have changed
(longtable)                in table 3 on input line 7798.


LaTeX Warning: Reference `tbl-table_6_3' on page 153 undefined on input line 7809.


LaTeX Warning: Reference `tbl-table_6_3' on page 153 undefined on input line 7817.

[153]

LaTeX Warning: Hyper reference `fig-6_2' on page 154 undefined on input line 7834.


LaTeX Warning: Reference `tbl-table_6_4' on page 154 undefined on input line 7838.


Overfull \hbox (3.15332pt too wide) in paragraph at lines 7853--7854
[]\TU/lmr/m/n/10.95 Try  
 []


Overfull \hbox (3.15332pt too wide) in paragraph at lines 7867--7868
[]\TU/lmr/m/n/10.95 Try  
 []


Overfull \hbox (19.11841pt too wide) in paragraph at lines 7881--7881
[]|\TU/lmr/m/n/10.95 Choice 
 []


Overfull \hbox (19.11841pt too wide) in paragraph at lines 7883--7883
[]|\TU/lmr/m/n/10.95 Choice 
 []


Overfull \hbox (19.11841pt too wide) in paragraph at lines 7886--7886
[]|\TU/lmr/m/n/10.95 Choice 
 []


Overfull \hbox (19.11841pt too wide) in paragraph at lines 7889--7889
[]|\TU/lmr/m/n/10.95 Choice 
 []


Overfull \hbox (19.11841pt too wide) in paragraph at lines 7892--7892
[]|\TU/lmr/m/n/10.95 Choice 
 []


LaTeX Warning: Reference `tbl-table_6_2' on page 154 undefined on input line 7905.

[154]

LaTeX Warning: Reference `tbl-table_6_3' on page 155 undefined on input line 7919.


LaTeX Warning: Reference `tbl-table_6_5' on page 155 undefined on input line 7949.

[155]
Overfull \hbox (2.16208pt too wide) in paragraph at lines 7992--7993
[]\TU/lmr/m/n/10.95 Marginal 
 []


Overfull \hbox (2.16208pt too wide) in paragraph at lines 8000--8001
[]\TU/lmr/m/n/10.95 Marginal 
 []


Overfull \hbox (2.16208pt too wide) in paragraph at lines 8012--8013
[]\TU/lmr/m/n/10.95 Marginal 
 []


Overfull \hbox (2.16208pt too wide) in paragraph at lines 8020--8021
[]\TU/lmr/m/n/10.95 Marginal 
 []

[156]

LaTeX Warning: Reference `tbl-table_6_4' on page 157 undefined on input line 8105.

[157] [158]

LaTeX Warning: Hyper reference `fig-6_3' on page 159 undefined on input line 8196.

File: media/6-2-how-changes-in-income-and-prices-affect-consumption-choices_rId23.jpeg Graphic file (type bmp)
<media/6-2-how-changes-in-income-and-prices-affect-consumption-choices_rId23.jpeg>
[159]

LaTeX Warning: Reference `sec-chapter-3' on page 160 undefined on input line 8259.


LaTeX Warning: Reference `sec-chapter-5' on page 160 undefined on input line 8259.


LaTeX Warning: Hyper reference `fig-6_4' on page 160 undefined on input line 8281.

[160]
File: media/6-2-how-changes-in-income-and-prices-affect-consumption-choices_rId33.jpeg Graphic file (type bmp)
<media/6-2-how-changes-in-income-and-prices-affect-consumption-choices_rId33.jpeg>

LaTeX Warning: Hyper reference `fig-6_4' on page 161 undefined on input line 8340.

[161]

LaTeX Warning: Hyper reference `fig-6_5' on page 162 undefined on input line 8375.

File: media/6-2-how-changes-in-income-and-prices-affect-consumption-choices_rId42.jpeg Graphic file (type bmp)
<media/6-2-how-changes-in-income-and-prices-affect-consumption-choices_rId42.jpeg>
[162] [163]

LaTeX Warning: Hyper reference `fig-6_5' on page 164 undefined on input line 8426.


LaTeX Warning: Hyper reference `fig-6_5' on page 164 undefined on input line 8428.


LaTeX Warning: Reference `sec-chapter-5' on page 164 undefined on input line 8447.

[164] [165] [166] [167]

LaTeX Warning: Hyper reference `fig-6_6' on page 168 undefined on input line 8658.

File: media/6-3-behavioral-economics-an-alternative-framework-for-consumer-choice_rId25.jpeg Graphic file (type bmp)
<media/6-3-behavioral-economics-an-alternative-framework-for-consumer-choice_rId25.jpeg>

Overfull \hbox (12.88304pt too wide) in paragraph at lines 8671--8672
 [][] 
 []

[168]
Underfull \hbox (badness 1286) in paragraph at lines 8689--8698
[]\TU/lmr/m/n/10.95 This textbook is an Open-Educational Resource (OER) textbook, licensed under an
 []


Underfull \hbox (badness 1112) in paragraph at lines 8689--8698
\TU/lmr/m/n/10.95 other OER textbook provided by [][]OpenStax.org[][] at [][]$[][][][][] [] [] [] [][][][][][][][] [] [][][] [] [][][][][][][] [] [][][][][] []
 []

[169]
chapter without number
File: media/7-introduction-to-production-costs-and-industry-structure_rId20.jpeg Graphic file (type bmp)
<media/7-introduction-to-production-costs-and-industry-structure_rId20.jpeg>

Overfull \hbox (22.99382pt too wide) in paragraph at lines 8707--8708
 [][] 
 []

[170

] [171]

LaTeX Warning: Hyper reference `fig-7_2' on page 172 undefined on input line 8813.


LaTeX Warning: Reference `sec-chapter-8' on page 172 undefined on input line 8814.


LaTeX Warning: Reference `sec-chapter-9' on page 172 undefined on input line 8815.


LaTeX Warning: Reference `sec-chapter-10' on page 172 undefined on input line 8815.

File: media/7-introduction-to-production-costs-and-industry-structure_rId29.jpeg Graphic file (type bmp)
<media/7-introduction-to-production-costs-and-industry-structure_rId29.jpeg>

Overfull \hbox (0.17517pt too wide) in paragraph at lines 8829--8838
\TU/lmr/m/n/10.95 tition. Monopolistic competition and oligopoly fall between the extremes of perfect competition
 []


LaTeX Warning: Reference `tbl-table_7_1' on page 172 undefined on input line 8849.


LaTeX Warning: Reference `tbl-table_7_1' on page 172 undefined on input line 8857.

[172] [173] [174]
File: media/7-2-production-in-the-short-run_rId22.jpeg Graphic file (type bmp)
<media/7-2-production-in-the-short-run_rId22.jpeg>

Overfull \hbox (22.99382pt too wide) in paragraph at lines 9054--9055
 [][] 
 []

[175] [176] [177]
File: media/7-2-production-in-the-short-run_rId38.jpeg Graphic file (type bmp)
<media/7-2-production-in-the-short-run_rId38.jpeg>

Overfull \hbox (22.99382pt too wide) in paragraph at lines 9188--9189
 [][] 
 []


LaTeX Warning: Reference `tbl-table_7_2' on page 178 undefined on input line 9209.

[178]

Package longtable Warning: Column widths have changed
(longtable)                in table 2 on input line 9227.

[179]

LaTeX Warning: Hyper reference `fig-7_5' on page 180 undefined on input line 9262.


LaTeX Warning: Hyper reference `fig-7_6' on page 180 undefined on input line 9263.


LaTeX Warning: Hyper reference `fig-7_5' on page 180 undefined on input line 9264.


LaTeX Warning: Reference `tbl-table_7_2' on page 180 undefined on input line 9264.


LaTeX Warning: Hyper reference `fig-7_6' on page 180 undefined on input line 9265.

File: media/7-2-production-in-the-short-run_rId43.jpeg Graphic file (type bmp)
<media/7-2-production-in-the-short-run_rId43.jpeg>

Overfull \hbox (23.0016pt too wide) in paragraph at lines 9272--9273
 [][] 
 []

File: media/7-2-production-in-the-short-run_rId45.jpeg Graphic file (type bmp)
<media/7-2-production-in-the-short-run_rId45.jpeg>
[180]

LaTeX Warning: Hyper reference `fig-1_7' on page 181 undefined on input line 9351.

[181]

Package longtable Warning: Column widths have changed
(longtable)                in table 3 on input line 9373.


LaTeX Warning: Hyper reference `Xa39a3ee5e6b4b0d3255bfef95601890afd80709' on page 182 undefined on input line 9383.


LaTeX Warning: Reference `tbl-table_7_3' on page 182 undefined on input line 9384.

[182]

Package longtable Warning: Column widths have changed
(longtable)                in table 6 on input line 9552.


Package longtable Warning: Column widths have changed
(longtable)                in table 7 on input line 9574.


LaTeX Warning: Reference `tbl-table_7_3' on page 183 undefined on input line 9577.

[183]

Package longtable Warning: Column widths have changed
(longtable)                in table 8 on input line 9624.


LaTeX Warning: Hyper reference `fig-7_7' on page 184 undefined on input line 9656.


LaTeX Warning: Reference `tbl-table_7_9' on page 184 undefined on input line 9657.

[184]
File: media/7-3-costs-in-the-short-run_rId34.jpeg Graphic file (type bmp)
<media/7-3-costs-in-the-short-run_rId34.jpeg>

LaTeX Warning: Hyper reference `fig-7_7' on page 185 undefined on input line 9712.


LaTeX Warning: Reference `sec-chapter-7' on page 185 undefined on input line 9723.

[185]

LaTeX Warning: Reference `tbl-table_7_9' on page 186 undefined on input line 9749.


LaTeX Warning: Reference `tbl-table_7_10' on page 186 undefined on input line 9767.


LaTeX Warning: Hyper reference `fig-7_8' on page 186 undefined on input line 9771.

File: media/7-3-costs-in-the-short-run_rId41.jpeg Graphic file (type bmp)
<media/7-3-costs-in-the-short-run_rId41.jpeg>

Overfull \hbox (6.5692pt too wide) in paragraph at lines 9808--9809
[]\TU/lmr/m/n/10.95 Labor  
 []


Overfull \hbox (11.48277pt too wide) in paragraph at lines 9810--9811
[]\TU/lmr/m/n/10.95 Quantity  
 []


Overfull \hbox (6.5692pt too wide) in paragraph at lines 9828--9829
[]\TU/lmr/m/n/10.95 Labor  
 []


Overfull \hbox (11.48277pt too wide) in paragraph at lines 9830--9831
[]\TU/lmr/m/n/10.95 Quantity  
 []

[186]

LaTeX Warning: Hyper reference `fig-7_8' on page 187 undefined on input line 9860.


LaTeX Warning: Hyper reference `fig-7_8' on page 187 undefined on input line 9877.

[187]

LaTeX Warning: Hyper reference `fig-7_8' on page 188 undefined on input line 9906.

[188]

LaTeX Warning: Reference `sec-chapter-2' on page 189 undefined on input line 9945.

[189] [190]

Package longtable Warning: Column widths have changed
(longtable)                in table 11 on input line 10096.

[191]

LaTeX Warning: Reference `tbl-table_7_12' on page 192 undefined on input line 10117.


Package longtable Warning: Column widths have changed
(longtable)                in table 12 on input line 10136.

[192]

LaTeX Warning: Reference `tbl-table_7_13' on page 193 undefined on input line 10202.


LaTeX Warning: Reference `tbl-table_7_14' on page 193 undefined on input line 10229.

[193] [194]

LaTeX Warning: Hyper reference `fig-7_9' on page 195 undefined on input line 10352.

File: media/7-5-costs-in-the-long-run_rId26.jpeg Graphic file (type bmp)
<media/7-5-costs-in-the-long-run_rId26.jpeg>

LaTeX Warning: Hyper reference `fig-7_9' on page 195 undefined on input line 10380.


LaTeX Warning: Reference `tbl-table_7_15' on page 195 undefined on input line 10394.

[195]
Missing character: There is no π (U+03C0) in font [lmroman10-regular]:mapping=tex-text;!
Missing character: There is no π (U+03C0) in font [lmroman10-regular]:mapping=tex-text;!
Missing character: There is no π (U+03C0) in font [lmroman10-regular]:mapping=tex-text;!
Missing character: There is no π (U+03C0) in font [lmroman10-regular]:mapping=tex-text;!

Package longtable Warning: Column widths have changed
(longtable)                in table 17 on input line 10416.


LaTeX Warning: Hyper reference `fig-7_10' on page 196 undefined on input line 10439.

File: media/7-5-costs-in-the-long-run_rId33.jpeg Graphic file (type bmp)
<media/7-5-costs-in-the-long-run_rId33.jpeg>
[196]

LaTeX Warning: Hyper reference `fig-7_10' on page 197 undefined on input line 10495.


LaTeX Warning: Hyper reference `fig-7_9' on page 197 undefined on input line 10501.

[197]

LaTeX Warning: Hyper reference `fig-7_11' on page 198 undefined on input line 10568.


LaTeX Warning: Hyper reference `fig-7_11' on page 198 undefined on input line 10569.

[198]
File: media/7-5-costs-in-the-long-run_rId44.jpeg Graphic file (type bmp)
<media/7-5-costs-in-the-long-run_rId44.jpeg>

Overfull \hbox (22.99382pt too wide) in paragraph at lines 10581--10582
 [][] 
 []

[199]

LaTeX Warning: Hyper reference `fig-7_11' on page 200 undefined on input line 10650.


LaTeX Warning: Hyper reference `fig-7_11' on page 200 undefined on input line 10664.


LaTeX Warning: Hyper reference `fig-7_11' on page 200 undefined on input line 10666.

[200]

LaTeX Warning: Hyper reference `fig-7_11' on page 201 undefined on input line 10670.


LaTeX Warning: Hyper reference `fig-7_11' on page 201 undefined on input line 10694.


LaTeX Warning: Reference `sec-chapter-10' on page 201 undefined on input line 10699.


LaTeX Warning: Hyper reference `fig-7_11' on page 201 undefined on input line 10703.


LaTeX Warning: Reference `sec-chapter-9' on page 201 undefined on input line 10711.

[201] [202]
Underfull \hbox (badness 1286) in paragraph at lines 10801--10810
[]\TU/lmr/m/n/10.95 This textbook is an Open-Educational Resource (OER) textbook, licensed under an
 []


Underfull \hbox (badness 1112) in paragraph at lines 10801--10810
\TU/lmr/m/n/10.95 other OER textbook provided by [][]OpenStax.org[][] at [][]$[][][][][] [] [] [] [][][][][][][][] [] [][][] [] [][][][][][][] [] [][][][][] []
 []

[203]
chapter without number
File: media/8-introduction-to-perfect-competition_rId20.jpeg Graphic file (type bmp)
<media/8-introduction-to-perfect-competition_rId20.jpeg>

Overfull \hbox (22.99382pt too wide) in paragraph at lines 10819--10820
 [][] 
 []

[204

]

LaTeX Warning: Reference `sec-chapter-9' on page 205 undefined on input line 10898.


LaTeX Warning: Reference `sec-chapter-10' on page 205 undefined on input line 10899.

[205]

LaTeX Warning: Reference `sec-chapter-7' on page 206 undefined on input line 10959.

[206] [207]

LaTeX Warning: Reference `tbl-table_8_1' on page 208 undefined on input line 11032.


LaTeX Warning: Hyper reference `fig-8_2' on page 208 undefined on input line 11034.


LaTeX Warning: Reference `sec-chapter-7' on page 208 undefined on input line 11039.

File: media/8-2-how-perfectly-competitive-firms-make-output-decisions_rId29.jpeg Graphic file (type bmp)
<media/8-2-how-perfectly-competitive-firms-make-output-decisions_rId29.jpeg>
[208]

LaTeX Warning: Hyper reference `fig-8_2' on page 209 undefined on input line 11121.


LaTeX Warning: Reference `tbl-table_8_1' on page 209 undefined on input line 11122.


LaTeX Warning: Reference `tbl-table_8_1' on page 209 undefined on input line 11132.

[209]

LaTeX Warning: Hyper reference `fig-8_3' on page 210 undefined on input line 11165.


LaTeX Warning: Reference `tbl-table_8_1' on page 210 undefined on input line 11167.


LaTeX Warning: Reference `tbl-table_8_2' on page 210 undefined on input line 11176.

[210]

LaTeX Warning: Hyper reference `fig-8_3' on page 211 undefined on input line 11223.


LaTeX Warning: Reference `tbl-table_8_3' on page 211 undefined on input line 11224.

File: media/8-2-how-perfectly-competitive-firms-make-output-decisions_rId38.jpeg Graphic file (type bmp)
<media/8-2-how-perfectly-competitive-firms-make-output-decisions_rId38.jpeg>

LaTeX Warning: Hyper reference `fig-8_4' on page 211 undefined on input line 11254.

File: media/8-2-how-perfectly-competitive-firms-make-output-decisions_rId41.jpeg Graphic file (type bmp)
<media/8-2-how-perfectly-competitive-firms-make-output-decisions_rId41.jpeg>
[211] [212]

LaTeX Warning: Reference `tbl-table_8_1' on page 213 undefined on input line 11354.


LaTeX Warning: Reference `tbl-table_8_3' on page 213 undefined on input line 11383.


LaTeX Warning: Hyper reference `fig-8_5' on page 213 undefined on input line 11384.

File: media/8-2-how-perfectly-competitive-firms-make-output-decisions_rId49.jpeg Graphic file (type bmp)
<media/8-2-how-perfectly-competitive-firms-make-output-decisions_rId49.jpeg>

Overfull \hbox (22.99382pt too wide) in paragraph at lines 11394--11395
 [][] 
 []


LaTeX Warning: Hyper reference `fig-8_5' on page 213 undefined on input line 11415.

[213] [214]

LaTeX Warning: Hyper reference `fig-8_5' on page 215 undefined on input line 11447.

[215]

LaTeX Warning: Hyper reference `fig-8_5' on page 216 undefined on input line 11484.


LaTeX Warning: Reference `tbl-table_8_4' on page 216 undefined on input line 11526.


Package longtable Warning: Column widths have changed
(longtable)                in table 4 on input line 11544.

[216]

LaTeX Warning: Reference `tbl-table_8_5' on page 217 undefined on input line 11571.

[217]

Package longtable Warning: Column widths have changed
(longtable)                in table 5 on input line 11627.


LaTeX Warning: Hyper reference `fig-8_6' on page 218 undefined on input line 11629.


LaTeX Warning: Hyper reference `fig-8_6' on page 218 undefined on input line 11647.

File: media/8-2-how-perfectly-competitive-firms-make-output-decisions_rId74.jpeg Graphic file (type bmp)
<media/8-2-how-perfectly-competitive-firms-make-output-decisions_rId74.jpeg>

Overfull \hbox (22.99382pt too wide) in paragraph at lines 11661--11662
 [][] 
 []

[218]

LaTeX Warning: Reference `tbl-table_8_6' on page 219 undefined on input line 11676.

[219]

LaTeX Warning: Hyper reference `fig-8_7' on page 220 undefined on input line 11763.

File: media/8-2-how-perfectly-competitive-firms-make-output-decisions_rId79.jpeg Graphic file (type bmp)
<media/8-2-how-perfectly-competitive-firms-make-output-decisions_rId79.jpeg>
[220]

LaTeX Warning: Reference `sec-chapter-3' on page 221 undefined on input line 11831.

[221]

LaTeX Warning: Reference `tbl-table_8_7' on page 222 undefined on input line 11854.


Package longtable Warning: Column widths have changed
(longtable)                in table 7 on input line 11875.


LaTeX Warning: Reference `sec-chapter-7' on page 222 undefined on input line 11880.


LaTeX Warning: Reference `tbl-table_8_8' on page 222 undefined on input line 11881.


Overfull \hbox (2.23859pt too wide) in paragraph at lines 11905--11906
[]\TU/lmr/m/n/10.95 (TFC+TVC)|  
 []


Overfull \hbox (2.23859pt too wide) in paragraph at lines 11930--11931
[]\TU/lmr/m/n/10.95 (TFC+TVC)|  
 []


Overfull \hbox (0.94647pt too wide) in paragraph at lines 11946--11946
[]|\TU/lmr/m/n/10.95 $20+$0=$20|  
 []


Overfull \hbox (6.42148pt too wide) in paragraph at lines 11947--11947
[]|\TU/lmr/m/n/10.95 $20+$20=$40|  
 []


Overfull \hbox (9.7205pt too wide) in paragraph at lines 11947--11947
[]|\TU/lmr/m/n/10.95 $20/1=$20.00|  
 []


Overfull \hbox (6.42148pt too wide) in paragraph at lines 11948--11948
[]|\TU/lmr/m/n/10.95 $40/1=$40.00|  
 []


Overfull \hbox (6.42148pt too wide) in paragraph at lines 11952--11952
[]|\TU/lmr/m/n/10.95 $20+$25=$45|  
 []


Overfull \hbox (9.7205pt too wide) in paragraph at lines 11952--11952
[]|\TU/lmr/m/n/10.95 $25/2=$12.50|  
 []


Overfull \hbox (6.42148pt too wide) in paragraph at lines 11953--11953
[]|\TU/lmr/m/n/10.95 $45/2=$22.50|  
 []


Overfull \hbox (6.42148pt too wide) in paragraph at lines 11957--11957
[]|\TU/lmr/m/n/10.95 $20+$35=$55|  
 []


Overfull \hbox (9.7205pt too wide) in paragraph at lines 11957--11957
[]|\TU/lmr/m/n/10.95 $35/3=$11.67|  
 []


Overfull \hbox (6.42148pt too wide) in paragraph at lines 11958--11958
[]|\TU/lmr/m/n/10.95 $55/3=$18.33|  
 []


Overfull \hbox (6.42148pt too wide) in paragraph at lines 11962--11962
[]|\TU/lmr/m/n/10.95 $20+$52=$72|  
 []


Overfull \hbox (9.7205pt too wide) in paragraph at lines 11962--11962
[]|\TU/lmr/m/n/10.95 $52/4=$13.00|  
 []


Overfull \hbox (6.42148pt too wide) in paragraph at lines 11963--11963
[]|\TU/lmr/m/n/10.95 $72/4=$18.00|  
 []


Overfull \hbox (11.89647pt too wide) in paragraph at lines 11967--11967
[]|\TU/lmr/m/n/10.95 $20+$80=$100|  
 []


Overfull \hbox (9.7205pt too wide) in paragraph at lines 11967--11967
[]|\TU/lmr/m/n/10.95 $80/5=$16.00|  
 []


Overfull \hbox (11.89647pt too wide) in paragraph at lines 11968--11968
[]|\TU/lmr/m/n/10.95 $100/5=$20.00|  
 []

[222]

LaTeX Warning: Reference `tbl-table_8_9' on page 223 undefined on input line 11979.


LaTeX Warning: Reference `tbl-table_8_10' on page 223 undefined on input line 12003.


Package longtable Warning: Column widths have changed
(longtable)                in table 10 on input line 12024.


LaTeX Warning: Reference `tbl-table_8_11' on page 223 undefined on input line 12028.

[223]

Package longtable Warning: Column widths have changed
(longtable)                in table 11 on input line 12055.

[224] [225] [226]

LaTeX Warning: Hyper reference `fig-8_8' on page 227 undefined on input line 12256.


LaTeX Warning: Hyper reference `fig-8_8' on page 227 undefined on input line 12263.


LaTeX Warning: Hyper reference `fig-8_8' on page 227 undefined on input line 12264.

File: media/8-3-entry-and-exit-decisions-in-the-long-run_rId32.jpeg Graphic file (type bmp)
<media/8-3-entry-and-exit-decisions-in-the-long-run_rId32.jpeg>

Overfull \hbox (22.99382pt too wide) in paragraph at lines 12273--12274
 [][] 
 []

[227]

LaTeX Warning: Reference `sec-chapter-2' on page 228 undefined on input line 12311.


Underfull \hbox (badness 1629) in paragraph at lines 12307--12312
[]\TU/lmr/m/n/10.95 When profit-maximizing firms in perfectly competitive markets combine with utility-
 []

[228] [229]

LaTeX Warning: Reference `tbl-table_8_12' on page 230 undefined on input line 12394.


Underfull \hbox (badness 1286) in paragraph at lines 12435--12444
[]\TU/lmr/m/n/10.95 This textbook is an Open-Educational Resource (OER) textbook, licensed under an
 []


Underfull \hbox (badness 1112) in paragraph at lines 12435--12444
\TU/lmr/m/n/10.95 other OER textbook provided by [][]OpenStax.org[][] at [][]$[][][][][] [] [] [] [][][][][][][][] [] [][][] [] [][][][][][][] [] [][][][][] []
 []

[230]
chapter without number
File: media/9-introduction-to-a-monopoly_rId20.jpeg Graphic file (type bmp)
<media/9-introduction-to-a-monopoly_rId20.jpeg>

Overfull \hbox (22.99382pt too wide) in paragraph at lines 12453--12454
 [][] 
 []

[231

]

LaTeX Warning: Reference `sec-chapter-8' on page 232 undefined on input line 12523.

[232]

LaTeX Warning: Reference `sec-chapter-8' on page 233 undefined on input line 12591.

[233]

LaTeX Warning: Reference `sec-chapter-7' on page 234 undefined on input line 12616.


LaTeX Warning: Hyper reference `fig-9_2' on page 234 undefined on input line 12617.

File: media/9-1-how-monopolies-form-barriers-to-entry_rId26.jpeg Graphic file (type bmp)
<media/9-1-how-monopolies-form-barriers-to-entry_rId26.jpeg>
[234] [235] [236] [237]

LaTeX Warning: Reference `tbl-table_9_1' on page 238 undefined on input line 12843.

[238]

LaTeX Warning: Hyper reference `fig-9_3' on page 239 undefined on input line 12931.

[239]
File: media/9-2-how-a-profit-maximizing-monopoly-chooses-output-and-price_rId23.jpeg Graphic file (type bmp)
<media/9-2-how-a-profit-maximizing-monopoly-chooses-output-and-price_rId23.jpeg>

Overfull \hbox (22.99382pt too wide) in paragraph at lines 12940--12941
 [][] 
 []

[240]

LaTeX Warning: Hyper reference `fig-9_3' on page 241 undefined on input line 13006.

[241]

LaTeX Warning: Hyper reference `fig-9_4' on page 242 undefined on input line 13039.


LaTeX Warning: Reference `sec-chapter-7' on page 242 undefined on input line 13041.


LaTeX Warning: Reference `sec-chapter-8' on page 242 undefined on input line 13042.


LaTeX Warning: Reference `tbl-table_9_2' on page 242 undefined on input line 13044.

File: media/9-2-how-a-profit-maximizing-monopoly-chooses-output-and-price_rId32.jpeg Graphic file (type bmp)
<media/9-2-how-a-profit-maximizing-monopoly-chooses-output-and-price_rId32.jpeg>
[242]

LaTeX Warning: Reference `tbl-table_9_2' on page 243 undefined on input line 13124.


LaTeX Warning: Hyper reference `fig-9_4' on page 243 undefined on input line 13138.


LaTeX Warning: Reference `tbl-table_9_3' on page 243 undefined on input line 13158.


LaTeX Warning: Reference `tbl-table_9_2' on page 243 undefined on input line 13158.


LaTeX Warning: Hyper reference `fig-9_5' on page 243 undefined on input line 13162.

[243]
File: media/9-2-how-a-profit-maximizing-monopoly-chooses-output-and-price_rId40.jpeg Graphic file (type bmp)
<media/9-2-how-a-profit-maximizing-monopoly-chooses-output-and-price_rId40.jpeg>
[244]

LaTeX Warning: Hyper reference `fig-9_5' on page 245 undefined on input line 13266.


LaTeX Warning: Reference `tbl-table_9_3' on page 245 undefined on input line 13299.

[245]

LaTeX Warning: Reference `tbl-table_9_3' on page 246 undefined on input line 13317.


LaTeX Warning: Reference `tbl-table_9_4' on page 246 undefined on input line 13386.


LaTeX Warning: Reference `tbl-table_9_4' on page 246 undefined on input line 13387.

[246]

LaTeX Warning: Hyper reference `fig-9_6' on page 247 undefined on input line 13408.


LaTeX Warning: Reference `tbl-table_9_5' on page 247 undefined on input line 13411.

File: media/9-2-how-a-profit-maximizing-monopoly-chooses-output-and-price_rId55.jpeg Graphic file (type bmp)
<media/9-2-how-a-profit-maximizing-monopoly-chooses-output-and-price_rId55.jpeg>

LaTeX Warning: Hyper reference `fig-9_5' on page 247 undefined on input line 13485.


LaTeX Warning: Hyper reference `fig-9_7' on page 247 undefined on input line 13498.


LaTeX Warning: Hyper reference `fig-9_6' on page 247 undefined on input line 13509.

[247]

LaTeX Warning: Hyper reference `fig-9_6' on page 248 undefined on input line 13517.


LaTeX Warning: Hyper reference `fig-9_6' on page 248 undefined on input line 13524.


LaTeX Warning: Hyper reference `fig-9_6' on page 248 undefined on input line 13525.

File: media/9-2-how-a-profit-maximizing-monopoly-chooses-output-and-price_rId58.jpeg Graphic file (type bmp)
<media/9-2-how-a-profit-maximizing-monopoly-chooses-output-and-price_rId58.jpeg>
[248]

LaTeX Warning: Hyper reference `fig-9_8' on page 249 undefined on input line 13589.

[249]
File: media/9-2-how-a-profit-maximizing-monopoly-chooses-output-and-price_rId61.jpeg Graphic file (type bmp)
<media/9-2-how-a-profit-maximizing-monopoly-chooses-output-and-price_rId61.jpeg>

LaTeX Warning: Hyper reference `fig-9_6' on page 250 undefined on input line 13629.

[250] [251]
Underfull \hbox (badness 1286) in paragraph at lines 13714--13723
[]\TU/lmr/m/n/10.95 This textbook is an Open-Educational Resource (OER) textbook, licensed under an
 []


Underfull \hbox (badness 1112) in paragraph at lines 13714--13723
\TU/lmr/m/n/10.95 other OER textbook provided by [][]OpenStax.org[][] at [][]$[][][][][] [] [] [] [][][][][][][][] [] [][][] [] [][][][][][][] [] [][][][][] []
 []

[252]
chapter without number
File: media/10-introduction-to-monopolistic-competition-and-oligopoly_rId20.jpeg Graphic file (type bmp)
<media/10-introduction-to-monopolistic-competition-and-oligopoly_rId20.jpeg>

Overfull \hbox (22.99382pt too wide) in paragraph at lines 13732--13733
 [][] 
 []

[253

] [254]

LaTeX Warning: Reference `sec-chapter-1' on page 255 undefined on input line 13881.

[255]

LaTeX Warning: Hyper reference `fig-10_2' on page 256 undefined on input line 13923.

File: media/10-1-monopolistic-competition_rId33.jpeg Graphic file (type bmp)
<media/10-1-monopolistic-competition_rId33.jpeg>

Overfull \hbox (22.99382pt too wide) in paragraph at lines 13934--13935
 [][] 
 []

[256] [257]

LaTeX Warning: Hyper reference `fig-10_3' on page 258 undefined on input line 14026.


LaTeX Warning: Reference `tbl-table_10_1' on page 258 undefined on input line 14027.

File: media/10-1-monopolistic-competition_rId40.jpeg Graphic file (type bmp)
<media/10-1-monopolistic-competition_rId40.jpeg>
[258]
Overfull \hbox (2.21092pt too wide) in paragraph at lines 14059--14060
[]\TU/lmr/m/n/10.95 Quantity  
 []


Overfull \hbox (2.21092pt too wide) in paragraph at lines 14077--14078
[]\TU/lmr/m/n/10.95 Quantity  
 []


LaTeX Warning: Reference `tbl-table_10_1' on page 259 undefined on input line 14107.


LaTeX Warning: Reference `tbl-table_10_1' on page 259 undefined on input line 14110.

[259]

LaTeX Warning: Reference `tbl-table_10_1' on page 260 undefined on input line 14163.


LaTeX Warning: Hyper reference `fig-10_3' on page 260 undefined on input line 14166.

[260]

LaTeX Warning: Hyper reference `fig-10_4' on page 261 undefined on input line 14210.

File: media/10-1-monopolistic-competition_rId47.jpeg Graphic file (type bmp)
<media/10-1-monopolistic-competition_rId47.jpeg>

Overfull \hbox (22.99382pt too wide) in paragraph at lines 14224--14225
 [][] 
 []

[261]

LaTeX Warning: Hyper reference `fig-10_4' on page 262 undefined on input line 14270.

[262] [263] [264] [265] [266] [267]

LaTeX Warning: Reference `tbl-table_10_2' on page 268 undefined on input line 14582.


LaTeX Warning: Reference `tbl-table_10_3' on page 268 undefined on input line 14644.

[268]

LaTeX Warning: Reference `tbl-table_10_3' on page 269 undefined on input line 14690.

[269] [270]

LaTeX Warning: Hyper reference `fig-10_5' on page 271 undefined on input line 14794.

File: media/10-2-oligopoly_rId51.jpeg Graphic file (type bmp)
<media/10-2-oligopoly_rId51.jpeg>
[271] [272]

LaTeX Warning: Reference `sec-chapter-11' on page 273 undefined on input line 14880.

[273]
Underfull \hbox (badness 1286) in paragraph at lines 14924--14933
[]\TU/lmr/m/n/10.95 This textbook is an Open-Educational Resource (OER) textbook, licensed under an
 []


Underfull \hbox (badness 1112) in paragraph at lines 14924--14933
\TU/lmr/m/n/10.95 other OER textbook provided by [][]OpenStax.org[][] at [][]$[][][][][] [] [] [] [][][][][][][][] [] [][][] [] [][][][][][][] [] [][][][][] []
 []

[274]
chapter without number
File: media/11-introduction-to-monopoly-and-antitrust-policy_rId20.jpeg Graphic file (type bmp)
<media/11-introduction-to-monopoly-and-antitrust-policy_rId20.jpeg>

Overfull \hbox (22.99382pt too wide) in paragraph at lines 14942--14943
 [][] 
 []

[275

] [276]

LaTeX Warning: Hyper reference `fig-11_2' on page 277 undefined on input line 15090.


LaTeX Warning: Hyper reference `fig-11_2' on page 277 undefined on input line 15095.

[277]
File: media/11-1-corporate-mergers_rId24.jpeg Graphic file (type bmp)
<media/11-1-corporate-mergers_rId24.jpeg>

Overfull \hbox (23.01083pt too wide) in paragraph at lines 15107--15108
 [][] 
 []

[278] [279]

LaTeX Warning: Reference `sec-chapter-9' on page 280 undefined on input line 15227.


LaTeX Warning: Reference `tbl-table_11_1' on page 280 undefined on input line 15231.

[280]

LaTeX Warning: Reference `tbl-table_11_1' on page 281 undefined on input line 15319.

[281]

LaTeX Warning: Reference `tbl-table_11_2' on page 282 undefined on input line 15336.

[282] [283]

LaTeX Warning: Reference `sec-chapter-9' on page 284 undefined on input line 15460.

[284] [285]

LaTeX Warning: Reference `sec-chapter-9' on page 286 undefined on input line 15572.

[286] [287]

LaTeX Warning: Hyper reference `fig-11_3' on page 288 undefined on input line 15691.


LaTeX Warning: Reference `tbl-table_11_3' on page 288 undefined on input line 15695.

File: media/11-3-regulating-natural-monopolies_rId24.jpeg Graphic file (type bmp)
<media/11-3-regulating-natural-monopolies_rId24.jpeg>

Overfull \hbox (3.03436pt too wide) in paragraph at lines 15738--15739
[]\TU/lmr/m/n/10.95 Quantity  
 []


Overfull \hbox (3.03436pt too wide) in paragraph at lines 15756--15757
[]\TU/lmr/m/n/10.95 Quantity  
 []

[288] [289]

LaTeX Warning: Reference `sec-chapter-3' on page 290 undefined on input line 15847.


LaTeX Warning: Hyper reference `fig-11_3' on page 290 undefined on input line 15854.

[290]

LaTeX Warning: Reference `sec-chapter-9' on page 291 undefined on input line 15927.

[291] [292] [293]
Underfull \hbox (badness 1286) in paragraph at lines 16077--16086
[]\TU/lmr/m/n/10.95 This textbook is an Open-Educational Resource (OER) textbook, licensed under an
 []


Underfull \hbox (badness 1112) in paragraph at lines 16077--16086
\TU/lmr/m/n/10.95 other OER textbook provided by [][]OpenStax.org[][] at [][]$[][][][][] [] [] [] [][][][][][][][] [] [][][] [] [][][][][][][] [] [][][][][] []
 []

[294]
chapter without number
File: media/12-introduction-to-environmental-protection-and-negative-externalities_rId20.jpeg Graphic file (type bmp)
<media/12-introduction-to-environmental-protection-and-negative-externalities_rId20.jpeg>

Overfull \hbox (22.99382pt too wide) in paragraph at lines 16095--16096
 [][] 
 []

[295

] [296]

LaTeX Warning: Reference `tbl-table_12_1' on page 297 undefined on input line 16218.


Package longtable Warning: Column widths have changed
(longtable)                in table 1 on input line 16244.

[297]

LaTeX Warning: Hyper reference `fig-12_2' on page 298 undefined on input line 16285.


LaTeX Warning: Reference `tbl-table_12_2' on page 298 undefined on input line 16293.

File: media/12-1-the-economics-of-pollution_rId30.jpeg Graphic file (type bmp)
<media/12-1-the-economics-of-pollution_rId30.jpeg>

Overfull \hbox (3.52652pt too wide) in paragraph at lines 16325--16326
[]\TU/lmr/m/n/10.95 Price  
 []


Overfull \hbox (3.52652pt too wide) in paragraph at lines 16337--16338
[]\TU/lmr/m/n/10.95 Price  
 []


Overfull \hbox (0.90947pt too wide) in paragraph at lines 16349--16349
[]|\TU/lmr/m/n/10.95 $600|  
 []


Overfull \hbox (0.90947pt too wide) in paragraph at lines 16350--16350
[]|\TU/lmr/m/n/10.95 $650|  
 []


Overfull \hbox (0.90947pt too wide) in paragraph at lines 16351--16351
[]|\TU/lmr/m/n/10.95 $700|  
 []


Overfull \hbox (0.90947pt too wide) in paragraph at lines 16352--16352
[]|\TU/lmr/m/n/10.95 $750|  
 []


Overfull \hbox (0.90947pt too wide) in paragraph at lines 16353--16353
[]|\TU/lmr/m/n/10.95 $800|  
 []


Overfull \hbox (0.90947pt too wide) in paragraph at lines 16354--16354
[]|\TU/lmr/m/n/10.95 $850|  
 []


Overfull \hbox (0.90947pt too wide) in paragraph at lines 16355--16355
[]|\TU/lmr/m/n/10.95 $900|  
 []

[298]

LaTeX Warning: Reference `tbl-table_12_2' on page 299 undefined on input line 16374.


LaTeX Warning: Hyper reference `fig-12_2' on page 299 undefined on input line 16374.

[299]

LaTeX Warning: Reference `tbl-table_12_3' on page 300 undefined on input line 16389.


Overfull \hbox (3.52652pt too wide) in paragraph at lines 16402--16403
[]\TU/lmr/m/n/10.95 Price  
 []


Overfull \hbox (3.52652pt too wide) in paragraph at lines 16414--16415
[]\TU/lmr/m/n/10.95 Price  
 []

[300] [301] [302]

LaTeX Warning: Hyper reference `fig-12_3' on page 303 undefined on input line 16598.

File: media/12-3-market-oriented-environmental-tools_rId24.jpeg Graphic file (type bmp)
<media/12-3-market-oriented-environmental-tools_rId24.jpeg>
[303] [304]

LaTeX Warning: Reference `tbl-table_12_4' on page 305 undefined on input line 16699.

[305] [306] [307] [308] [309]

LaTeX Warning: Hyper reference `fig-12_4' on page 310 undefined on input line 16976.

File: media/12-4-the-benefits-and-costs-of-u-s-environmental-laws_rId32.jpeg Graphic file (type bmp)
<media/12-4-the-benefits-and-costs-of-u-s-environmental-laws_rId32.jpeg>
[310]
Overfull \hbox (20.48947pt too wide) in paragraph at lines 17064--17071
\TU/lmr/m/n/10.95 19, 2013. http://yosemite.epa.gov/ee/epa/eed.nsf/pages/MortalityRiskValuation.html#whatvalue
 []


Underfull \hbox (badness 1360) in paragraph at lines 17064--17071
\TU/lmr/m/n/10.95 World Tourism Organization, “Tourism 2020 Vision.” Accessed December 19, 2013.
 []

[311] [312]

LaTeX Warning: Hyper reference `fig-12_5' on page 313 undefined on input line 17182.

[313]
File: media/12-6-the-tradeoff-between-economic-output-and-environmental-protection_rId23.jpeg Graphic file (type bmp)
<media/12-6-the-tradeoff-between-economic-output-and-environmental-protection_rId23.jpeg>

LaTeX Warning: Hyper reference `fig-12_5' on page 314 undefined on input line 17212.

[314]
Underfull \hbox (badness 1286) in paragraph at lines 17267--17276
[]\TU/lmr/m/n/10.95 This textbook is an Open-Educational Resource (OER) textbook, licensed under an
 []


Underfull \hbox (badness 1112) in paragraph at lines 17267--17276
\TU/lmr/m/n/10.95 other OER textbook provided by [][]OpenStax.org[][] at [][]$[][][][][] [] [] [] [][][][][][][][] [] [][][] [] [][][][][][][] [] [][][][][] []
 []

[315]
chapter without number
File: media/13-introduction-to-positive-externalities-and-public-goods_rId20.jpeg Graphic file (type bmp)
<media/13-introduction-to-positive-externalities-and-public-goods_rId20.jpeg>

Overfull \hbox (22.99382pt too wide) in paragraph at lines 17285--17286
 [][] 
 []

[316

] [317] [318]

LaTeX Warning: Reference `sec-chapter-12' on page 319 undefined on input line 17494.

[319]

LaTeX Warning: Hyper reference `fig-13_2' on page 320 undefined on input line 17501.


LaTeX Warning: Hyper reference `fig-13_2' on page 320 undefined on input line 17516.


LaTeX Warning: Reference `tbl-table_13_1' on page 320 undefined on input line 17517.

File: media/13-1-investments-in-innovation_rId30.jpeg Graphic file (type bmp)
<media/13-1-investments-in-innovation_rId30.jpeg>
[320]

LaTeX Warning: Reference `tbl-table_13_2' on page 321 undefined on input line 17599.

[321]

LaTeX Warning: Hyper reference `fig-13_3' on page 322 undefined on input line 17675.

[322]
File: media/13-1-investments-in-innovation_rId42.jpeg Graphic file (type bmp)
<media/13-1-investments-in-innovation_rId42.jpeg>
[323] [324]

LaTeX Warning: Hyper reference `fig-13_4' on page 325 undefined on input line 17838.

File: media/13-2-how-governments-can-encourage-innovation_rId25.jpeg Graphic file (type bmp)
<media/13-2-how-governments-can-encourage-innovation_rId25.jpeg>

Overfull \hbox (22.99382pt too wide) in paragraph at lines 17847--17848
 [][] 
 []

[325] [326]

LaTeX Warning: Reference `tbl-table_13_3' on page 327 undefined on input line 17915.


Underfull \hbox (badness 10000) in paragraph at lines 17928--17928
[][][]|\TU/lmr/m/n/10.95 U.S. Research and Development Expenditures, 2018 (Source:
 []

[327] [328] [329]

LaTeX Warning: Reference `sec-chapter-10' on page 330 undefined on input line 18099.

[330] [331] [332] [333]
Underfull \hbox (badness 1286) in paragraph at lines 18301--18310
[]\TU/lmr/m/n/10.95 This textbook is an Open-Educational Resource (OER) textbook, licensed under an
 []


Underfull \hbox (badness 1112) in paragraph at lines 18301--18310
\TU/lmr/m/n/10.95 other OER textbook provided by [][]OpenStax.org[][] at [][]$[][][][][] [] [] [] [][][][][][][][] [] [][][] [] [][][][][][][] [] [][][][][] []
 []

[334]
chapter without number
File: media/14-introduction-to-labor-markets-and-income_rId20.jpeg Graphic file (type bmp)
<media/14-introduction-to-labor-markets-and-income_rId20.jpeg>

Overfull \hbox (22.99382pt too wide) in paragraph at lines 18319--18320
 [][] 
 []

[335

]

LaTeX Warning: Reference `sec-chapter-7' on page 336 undefined on input line 18386.

[336] [337]
File: media/14-1-the-theory-of-labor-markets_rId24.jpeg Graphic file (type bmp)
<media/14-1-the-theory-of-labor-markets_rId24.jpeg>

LaTeX Warning: Reference `tbl-table_14_2' on page 338 undefined on input line 18510.


LaTeX Warning: Reference `tbl-table_14_1' on page 338 undefined on input line 18511.

[338]

Package longtable Warning: Column widths have changed
(longtable)                in table 2 on input line 18529.

File: media/14-1-the-theory-of-labor-markets_rId27.jpeg Graphic file (type bmp)
<media/14-1-the-theory-of-labor-markets_rId27.jpeg>
File: media/14-1-the-theory-of-labor-markets_rId31.jpeg Graphic file (type bmp)
<media/14-1-the-theory-of-labor-markets_rId31.jpeg>
[339] [340]

Package longtable Warning: Column widths have changed
(longtable)                in table 3 on input line 18629.

File: media/14-1-the-theory-of-labor-markets_rId38.jpeg Graphic file (type bmp)
<media/14-1-the-theory-of-labor-markets_rId38.jpeg>

LaTeX Warning: Hyper reference `fig-14_6' on page 341 undefined on input line 18653.

File: media/14-1-the-theory-of-labor-markets_rId41.jpeg Graphic file (type bmp)
<media/14-1-the-theory-of-labor-markets_rId41.jpeg>
[341]

LaTeX Warning: Hyper reference `fig-14_4' on page 342 undefined on input line 18682.


LaTeX Warning: Reference `sec-chapter-4' on page 342 undefined on input line 18699.

File: media/14-1-the-theory-of-labor-markets_rId48.jpeg Graphic file (type bmp)
<media/14-1-the-theory-of-labor-markets_rId48.jpeg>
[342]

LaTeX Warning: Hyper reference `fig-14_7' on page 343 undefined on input line 18728.

[343]

LaTeX Warning: Reference `tbl-table_14_4' on page 344 undefined on input line 18817.

[344] [345]

LaTeX Warning: Reference `tbl-table_14_5' on page 346 undefined on input line 18934.

[346]
File: media/14-2-wages-and-employment-in-an-imperfectly-competitive-labor-market_rId24.jpeg Graphic file (type bmp)
<media/14-2-wages-and-employment-in-an-imperfectly-competitive-labor-market_rId24.jpeg>
File: media/14-2-wages-and-employment-in-an-imperfectly-competitive-labor-market_rId27.jpeg Graphic file (type bmp)
<media/14-2-wages-and-employment-in-an-imperfectly-competitive-labor-market_rId27.jpeg>

LaTeX Warning: Hyper reference `fig-14_9' on page 347 undefined on input line 19032.

[347]
File: media/14-2-wages-and-employment-in-an-imperfectly-competitive-labor-market_rId30.jpeg Graphic file (type bmp)
<media/14-2-wages-and-employment-in-an-imperfectly-competitive-labor-market_rId30.jpeg>
[348] [349]

LaTeX Warning: Reference `tbl-table_14_6' on page 350 undefined on input line 19142.


LaTeX Warning: Hyper reference `fig-14_11' on page 350 undefined on input line 19190.

File: media/14-3-market-power-on-the-supply-side-of-labor-markets-unions_rId23.jpeg Graphic file (type bmp)
<media/14-3-market-power-on-the-supply-side-of-labor-markets-unions_rId23.jpeg>
[350]

LaTeX Warning: Hyper reference `fig-14_12' on page 351 undefined on input line 19232.

File: media/14-3-market-power-on-the-supply-side-of-labor-markets-unions_rId26.jpeg Graphic file (type bmp)
<media/14-3-market-power-on-the-supply-side-of-labor-markets-unions_rId26.jpeg>
[351] [352]

LaTeX Warning: Reference `tbl-table_14_7' on page 353 undefined on input line 19300.

[353]

LaTeX Warning: Hyper reference `fig-14_13' on page 354 undefined on input line 19435.


LaTeX Warning: Reference `tbl-table_14_8' on page 354 undefined on input line 19446.

[354]
File: media/14-3-market-power-on-the-supply-side-of-labor-markets-unions_rId35.jpeg Graphic file (type bmp)
<media/14-3-market-power-on-the-supply-side-of-labor-markets-unions_rId35.jpeg>

Overfull \hbox (22.99382pt too wide) in paragraph at lines 19455--19456
 [][] 
 []

[355]

LaTeX Warning: Reference `tbl-table_14_8' on page 356 undefined on input line 19497.


Overfull \hbox (3.1533pt too wide) in paragraph at lines 19541--19541
[]|\TU/lmr/m/n/10.95 Germany|  
 []


Overfull \hbox (16.82986pt too wide) in paragraph at lines 19543--19543
[]|\TU/lmr/m/n/10.95 Netherlands|  
 []

[356] [357]
File: media/14-4-bilateral-monopoly_rId23.jpeg Graphic file (type bmp)
<media/14-4-bilateral-monopoly_rId23.jpeg>

LaTeX Warning: Hyper reference `fig-14_14' on page 358 undefined on input line 19631.

[358]

LaTeX Warning: Hyper reference `fig-14_15' on page 359 undefined on input line 19704.

File: media/14-5-employment-discrimination_rId25.jpeg Graphic file (type bmp)
<media/14-5-employment-discrimination_rId25.jpeg>
[359] [360] [361] [362]

LaTeX Warning: Reference `tbl-table_14_9' on page 363 undefined on input line 19893.

[363] [364] [365] [366]

LaTeX Warning: Hyper reference `fig-14_16' on page 367 undefined on input line 20132.

File: media/14-5-employment-discrimination_rId54.jpeg Graphic file (type bmp)
<media/14-5-employment-discrimination_rId54.jpeg>
[367]

LaTeX Warning: Hyper reference `fig-14_17' on page 368 undefined on input line 20193.

File: media/14-6-immigration_rId21.jpeg Graphic file (type bmp)
<media/14-6-immigration_rId21.jpeg>
[368] [369] [370]
Underfull \hbox (badness 1286) in paragraph at lines 20371--20380
[]\TU/lmr/m/n/10.95 This textbook is an Open-Educational Resource (OER) textbook, licensed under an
 []


Underfull \hbox (badness 1112) in paragraph at lines 20371--20380
\TU/lmr/m/n/10.95 other OER textbook provided by [][]OpenStax.org[][] at [][]$[][][][][] [] [] [] [][][][][][][][] [] [][][] [] [][][][][][][] [] [][][][][] []
 []

[371]
chapter without number
File: media/15-introduction-to-poverty-and-economic-inequality_rId20.jpeg Graphic file (type bmp)
<media/15-introduction-to-poverty-and-economic-inequality_rId20.jpeg>

Overfull \hbox (22.99382pt too wide) in paragraph at lines 20389--20390
 [][] 
 []

[372

] [373]

LaTeX Warning: Hyper reference `fig-15_2' on page 374 undefined on input line 20518.


LaTeX Warning: Reference `tbl-table_15_1' on page 374 undefined on input line 20526.

[374]
File: media/15-1-drawing-the-poverty-line_rId30.jpeg Graphic file (type bmp)
<media/15-1-drawing-the-poverty-line_rId30.jpeg>

Package longtable Warning: Column widths have changed
(longtable)                in table 1 on input line 20582.

[375]

LaTeX Warning: Reference `tbl-table_15_2' on page 376 undefined on input line 20614.


Underfull \hbox (badness 10000) in paragraph at lines 20631--20631
[][][]|\TU/lmr/m/n/10.95 Poverty Lines for Low-Income Countries, mid-2000s (Source:
 []


Underfull \hbox (badness 10000) in paragraph at lines 20631--20631
\TU/lmr/m/n/10.95 https://datatopics.worldbank.org/world-development-indicators/themes/poverty-
 []


Overfull \hbox (15.02338pt too wide) in paragraph at lines 20634--20635
[]\TU/lmr/m/n/10.95 Country  
 []


Overfull \hbox (5.20699pt too wide) in paragraph at lines 20636--20637
[]\TU/lmr/m/n/10.95 Year  
 []


Overfull \hbox (15.02338pt too wide) in paragraph at lines 20646--20647
[]\TU/lmr/m/n/10.95 Country  
 []


Overfull \hbox (5.20699pt too wide) in paragraph at lines 20648--20649
[]\TU/lmr/m/n/10.95 Year  
 []


Overfull \hbox (4.31427pt too wide) in paragraph at lines 20658--20658
[]|\TU/lmr/m/n/10.95 Brazil|  
 []


Overfull \hbox (5.79828pt too wide) in paragraph at lines 20658--20658
[]|\TU/lmr/m/n/10.95 2019|  
 []


Overfull \hbox (4.44568pt too wide) in paragraph at lines 20659--20659
[]|\TU/lmr/m/n/10.95 China|  
 []


Overfull \hbox (5.79828pt too wide) in paragraph at lines 20659--20659
[]|\TU/lmr/m/n/10.95 2017|  
 []


Overfull \hbox (4.90558pt too wide) in paragraph at lines 20660--20660
[]|\TU/lmr/m/n/10.95 Egypt|  
 []


Overfull \hbox (5.79828pt too wide) in paragraph at lines 20660--20660
[]|\TU/lmr/m/n/10.95 2017|  
 []


Overfull \hbox (5.79828pt too wide) in paragraph at lines 20661--20661
[]|\TU/lmr/m/n/10.95 2011|  
 []


Overfull \hbox (9.90973pt too wide) in paragraph at lines 20662--20662
[]|\TU/lmr/m/n/10.95 Mexico|  
 []


Overfull \hbox (5.79828pt too wide) in paragraph at lines 20662--20662
[]|\TU/lmr/m/n/10.95 2018|  
 []


Overfull \hbox (10.24918pt too wide) in paragraph at lines 20663--20663
[]|\TU/lmr/m/n/10.95 Nigeria|  
 []


Overfull \hbox (5.79828pt too wide) in paragraph at lines 20663--20663
[]|\TU/lmr/m/n/10.95 2018|  
 []

[376]

LaTeX Warning: Hyper reference `fig-15_3' on page 377 undefined on input line 20704.

[377]

LaTeX Warning: Reference `tbl-table_15_3' on page 378 undefined on input line 20725.

File: media/15-2-the-poverty-trap_rId25.jpeg Graphic file (type bmp)
<media/15-2-the-poverty-trap_rId25.jpeg>
[378]

LaTeX Warning: Hyper reference `fig-15_4' on page 379 undefined on input line 20814.


LaTeX Warning: Hyper reference `fig-15_4' on page 379 undefined on input line 20817.


LaTeX Warning: Reference `tbl-table_15_4' on page 379 undefined on input line 20824.

File: media/15-2-the-poverty-trap_rId28.jpeg Graphic file (type bmp)
<media/15-2-the-poverty-trap_rId28.jpeg>
[379] [380] [381] [382]

LaTeX Warning: Hyper reference `fig-15_5' on page 383 undefined on input line 21035.

File: media/15-3-the-safety-net_rId31.jpeg Graphic file (type bmp)
<media/15-3-the-safety-net_rId31.jpeg>
[383]

LaTeX Warning: Hyper reference `fig-15_6' on page 384 undefined on input line 21122.

File: media/15-3-the-safety-net_rId38.jpeg Graphic file (type bmp)
<media/15-3-the-safety-net_rId38.jpeg>
[384] [385]

LaTeX Warning: Hyper reference `fig-15_7' on page 386 undefined on input line 21195.


LaTeX Warning: Hyper reference `fig-15_7' on page 386 undefined on input line 21200.

File: media/15-3-the-safety-net_rId45.jpeg Graphic file (type bmp)
<media/15-3-the-safety-net_rId45.jpeg>

Overfull \hbox (22.99382pt too wide) in paragraph at lines 21212--21213
 [][] 
 []

[386] [387]

LaTeX Warning: Reference `tbl-table_15_5' on page 388 undefined on input line 21303.


LaTeX Warning: Reference `tbl-table_15_5' on page 388 undefined on input line 21307.


Underfull \hbox (badness 7504) in paragraph at lines 21328--21328
\TU/lmr/m/n/10.95 series/demo/income-poverty/historical-income-households.html, Table H-1, All
 []

[388]

LaTeX Warning: Reference `tbl-table_15_5' on page 389 undefined on input line 21384.


LaTeX Warning: Hyper reference `fig-15_8' on page 389 undefined on input line 21398.

File: media/15-4-income-inequality-measurement-and-causes_rId28.jpeg Graphic file (type bmp)
<media/15-4-income-inequality-measurement-and-causes_rId28.jpeg>

LaTeX Warning: Hyper reference `fig-15_8' on page 389 undefined on input line 21422.


LaTeX Warning: Reference `tbl-table_15_6' on page 389 undefined on input line 21431.

[389]

LaTeX Warning: Hyper reference `fig-15_8' on page 390 undefined on input line 21488.

[390]

LaTeX Warning: Reference `tbl-table_15_7' on page 391 undefined on input line 21502.


Underfull \hbox (badness 1281) in paragraph at lines 21523--21523
[][][]|\TU/lmr/m/n/10.95 Income Distribution in Select Countries (Source: U.S. data from U.S. Cen-
 []


Underfull \hbox (badness 6859) in paragraph at lines 21523--21523
\TU/lmr/m/n/10.95 sus Bureau Table H-1. Other data from The World Bank Poverty
 []


Underfull \hbox (badness 1354) in paragraph at lines 21523--21523
\TU/lmr/m/n/10.95 and Inequality Data Base, https://datatopics.worldbank.org/world-development-
 []

[391]

LaTeX Warning: Hyper reference `fig-15_9' on page 392 undefined on input line 21642.

[392]
File: media/15-4-income-inequality-measurement-and-causes_rId40.jpeg Graphic file (type bmp)
<media/15-4-income-inequality-measurement-and-causes_rId40.jpeg>
[393] [394] [395]

LaTeX Warning: Reference `tbl-table_15_8' on page 396 undefined on input line 21825.

[396]

LaTeX Warning: Hyper reference `fig-15_10' on page 397 undefined on input line 21907.


LaTeX Warning: Hyper reference `fig-15_10' on page 397 undefined on input line 21914.

[397]
File: media/15-5-government-policies-to-reduce-income-inequality_rId36.jpeg Graphic file (type bmp)
<media/15-5-government-policies-to-reduce-income-inequality_rId36.jpeg>

Overfull \hbox (22.99382pt too wide) in paragraph at lines 21941--21942
 [][] 
 []


LaTeX Warning: Hyper reference `fig-15_10' on page 398 undefined on input line 21959.

[398]
Underfull \hbox (badness 1286) in paragraph at lines 22015--22024
[]\TU/lmr/m/n/10.95 This textbook is an Open-Educational Resource (OER) textbook, licensed under an
 []


Underfull \hbox (badness 1112) in paragraph at lines 22015--22024
\TU/lmr/m/n/10.95 other OER textbook provided by [][]OpenStax.org[][] at [][]$[][][][][] [] [] [] [][][][][][][][] [] [][][] [] [][][][][][][] [] [][][][][] []
 []

[399]
chapter without number
File: media/16-introduction-to-information-risk-and-insurance_rId20.jpeg Graphic file (type bmp)
<media/16-introduction-to-information-risk-and-insurance_rId20.jpeg>

Overfull \hbox (22.99382pt too wide) in paragraph at lines 22033--22034
 [][] 
 []

[400

] [401] [402] [403] [404]

LaTeX Warning: Reference `sec-chapter-3' on page 405 undefined on input line 22328.

[405] [406] [407] [408]

LaTeX Warning: Reference `tbl-table_16_1' on page 409 undefined on input line 22578.

[409] [410]

LaTeX Warning: Hyper reference `fig-16_2' on page 411 undefined on input line 22664.

File: media/16-2-insurance-and-imperfect-information_rId26.jpeg Graphic file (type bmp)
<media/16-2-insurance-and-imperfect-information_rId26.jpeg>
[411] [412] [413] [414] [415]

LaTeX Warning: Reference `tbl-table_16_2' on page 416 undefined on input line 22934.


Overfull \hbox (0.92183pt too wide) in paragraph at lines 23007--23007
[]|\TU/lmr/m/n/10.95 Germany|  
 []

[416] [417] [418] [419] [420]
Underfull \hbox (badness 1286) in paragraph at lines 23254--23263
[]\TU/lmr/m/n/10.95 This textbook is an Open-Educational Resource (OER) textbook, licensed under an
 []


Underfull \hbox (badness 1112) in paragraph at lines 23254--23263
\TU/lmr/m/n/10.95 other OER textbook provided by [][]OpenStax.org[][] at [][]$[][][][][] [] [] [] [][][][][][][][] [] [][][] [] [][][][][][][] [] [][][][][] []
 []

[421]
chapter without number
File: media/17-introduction-to-financial-markets_rId20.jpeg Graphic file (type bmp)
<media/17-introduction-to-financial-markets_rId20.jpeg>

Overfull \hbox (22.99382pt too wide) in paragraph at lines 23272--23273
 [][] 
 []

[422

]

LaTeX Warning: Hyper reference `fig-17_2' on page 423 undefined on input line 23342.

File: media/17-introduction-to-financial-markets_rId25.jpeg Graphic file (type bmp)
<media/17-introduction-to-financial-markets_rId25.jpeg>
[423]

LaTeX Warning: Reference `sec-chapter-17' on page 424 undefined on input line 23385.

[424] [425] [426] [427]

LaTeX Warning: Reference `sec-chapter-16' on page 428 undefined on input line 23649.

[428] [429] [430]

LaTeX Warning: Hyper reference `fig-17_3' on page 431 undefined on input line 23803.

File: media/17-2-how-households-supply-financial-capital_rId29.jpeg Graphic file (type bmp)
<media/17-2-how-households-supply-financial-capital_rId29.jpeg>
[431]

LaTeX Warning: Hyper reference `fig-17_4' on page 432 undefined on input line 23851.

File: media/17-2-how-households-supply-financial-capital_rId36.jpeg Graphic file (type bmp)
<media/17-2-how-households-supply-financial-capital_rId36.jpeg>
[432]

LaTeX Warning: Reference `sec-chapter-2' on page 433 undefined on input line 23899.

[433]

LaTeX Warning: Reference `sec-appendix-c' on page 434 undefined on input line 23950.

[434]

LaTeX Warning: Hyper reference `fig-17_5' on page 435 undefined on input line 24020.

[435]
File: media/17-2-how-households-supply-financial-capital_rId56.jpeg Graphic file (type bmp)
<media/17-2-how-households-supply-financial-capital_rId56.jpeg>
[436]

LaTeX Warning: Reference `tbl-table_17_1' on page 437 undefined on input line 24087.

[437]

LaTeX Warning: Hyper reference `fig-17_6' on page 438 undefined on input line 24143.


LaTeX Warning: Hyper reference `fig-17_6' on page 438 undefined on input line 24154.

File: media/17-2-how-households-supply-financial-capital_rId63.jpeg Graphic file (type bmp)
<media/17-2-how-households-supply-financial-capital_rId63.jpeg>

LaTeX Warning: Reference `tbl-table_17_2' on page 438 undefined on input line 24177.


Package longtable Warning: Column widths have changed
(longtable)                in table 2 on input line 24216.

[438] [439] [440]

LaTeX Warning: Hyper reference `fig-17_7' on page 441 undefined on input line 24314.

[441]
File: media/17-2-how-households-supply-financial-capital_rId78.jpeg Graphic file (type bmp)
<media/17-2-how-households-supply-financial-capital_rId78.jpeg>
[442] [443]

LaTeX Warning: Reference `tbl-table_17_3' on page 444 undefined on input line 24458.

[444] [445] [446] [447]

LaTeX Warning: Reference `tbl-table_17_4' on page 448 undefined on input line 24696.


Package longtable Warning: Column widths have changed
(longtable)                in table 4 on input line 24709.


Package longtable Warning: Column widths have changed
(longtable)                in table 5 on input line 24722.


Package longtable Warning: Column widths have changed
(longtable)                in table 6 on input line 24741.

[448] [449]
Underfull \hbox (badness 1286) in paragraph at lines 24854--24863
[]\TU/lmr/m/n/10.95 This textbook is an Open-Educational Resource (OER) textbook, licensed under an
 []


Underfull \hbox (badness 1112) in paragraph at lines 24854--24863
\TU/lmr/m/n/10.95 other OER textbook provided by [][]OpenStax.org[][] at [][]$[][][][][] [] [] [] [][][][][][][][] [] [][][] [] [][][][][][][] [] [][][][][] []
 []

[450] [451]
chapter without number
File: media/18-introduction-to-public-economy_rId20.jpeg Graphic file (type bmp)
<media/18-introduction-to-public-economy_rId20.jpeg>

Overfull \hbox (22.99382pt too wide) in paragraph at lines 24872--24873
 [][] 
 []

[452

] [453] [454] [455] [456]

LaTeX Warning: Reference `sec-chapter-20' on page 457 undefined on input line 25166.


LaTeX Warning: Reference `sec-chapter-12' on page 457 undefined on input line 25186.


LaTeX Warning: Reference `sec-chapter-11' on page 457 undefined on input line 25189.

[457] [458] [459] [460] [461]

LaTeX Warning: Reference `tbl-table_18_1' on page 462 undefined on input line 25450.


LaTeX Warning: Hyper reference `fig-18_2' on page 462 undefined on input line 25454.

File: media/18-3-flaws-in-the-democratic-system-of-government_rId25.jpeg Graphic file (type bmp)
<media/18-3-flaws-in-the-democratic-system-of-government_rId25.jpeg>
[462] [463] [464] [465]

LaTeX Warning: Reference `sec-chapter-3' on page 466 undefined on input line 25686.


LaTeX Warning: Reference `sec-chapter-19' on page 466 undefined on input line 25687.

[466]
Underfull \hbox (badness 1286) in paragraph at lines 25710--25719
[]\TU/lmr/m/n/10.95 This textbook is an Open-Educational Resource (OER) textbook, licensed under an
 []


Underfull \hbox (badness 1112) in paragraph at lines 25710--25719
\TU/lmr/m/n/10.95 other OER textbook provided by [][]OpenStax.org[][] at [][]$[][][][][] [] [] [] [][][][][][][][] [] [][][] [] [][][][][][][] [] [][][][][] []
 []

[467]
chapter without number
File: media/19-introduction-to-international-trade_rId20.jpeg Graphic file (type bmp)
<media/19-introduction-to-international-trade_rId20.jpeg>

Overfull \hbox (22.99382pt too wide) in paragraph at lines 25728--25729
 [][] 
 []

[468

] [469] [470]

LaTeX Warning: Reference `sec-chapter-2' on page 471 undefined on input line 25887.


LaTeX Warning: Reference `sec-chapter-2' on page 471 undefined on input line 25892.


LaTeX Warning: Reference `tbl-table_19_1' on page 471 undefined on input line 25921.

[471]

Package longtable Warning: Column widths have changed
(longtable)                in table 1 on input line 25940.


LaTeX Warning: Reference `tbl-table_19_1' on page 472 undefined on input line 25942.


LaTeX Warning: Reference `tbl-table_19_2' on page 472 undefined on input line 25948.


LaTeX Warning: Hyper reference `fig-19_2' on page 472 undefined on input line 25949.


LaTeX Warning: Reference `sec-chapter-2' on page 472 undefined on input line 25951.

File: media/19-1-absolute-and-comparative-advantage_rId30.jpeg Graphic file (type bmp)
<media/19-1-absolute-and-comparative-advantage_rId30.jpeg>

Overfull \hbox (22.99382pt too wide) in paragraph at lines 25995--25996
 [][] 
 []


LaTeX Warning: Reference `tbl-table_19_1' on page 472 undefined on input line 26009.

[472]

LaTeX Warning: Reference `tbl-table_19_3' on page 473 undefined on input line 26021.


LaTeX Warning: Reference `tbl-table_19_1' on page 473 undefined on input line 26022.


LaTeX Warning: Reference `tbl-table_19_4' on page 473 undefined on input line 26072.

[473]

LaTeX Warning: Reference `tbl-table_19_4' on page 474 undefined on input line 26110.


LaTeX Warning: Reference `tbl-table_19_1' on page 474 undefined on input line 26116.


LaTeX Warning: Reference `tbl-table_19_4' on page 474 undefined on input line 26118.


LaTeX Warning: Reference `sec-chapter-2' on page 474 undefined on input line 26129.


LaTeX Warning: Reference `sec-chapter-1' on page 474 undefined on input line 26153.


LaTeX Warning: Reference `tbl-table_19_5' on page 474 undefined on input line 26160.

[474]

LaTeX Warning: Reference `tbl-table_19_6' on page 475 undefined on input line 26222.


LaTeX Warning: Reference `tbl-table_19_3' on page 475 undefined on input line 26227.


LaTeX Warning: Reference `tbl-table_19_6' on page 475 undefined on input line 26227.

[475]

LaTeX Warning: Reference `tbl-table_19_6' on page 476 undefined on input line 26263.


LaTeX Warning: Hyper reference `fig-19_2' on page 476 undefined on input line 26266.

File: media/19-1-absolute-and-comparative-advantage_rId40.jpeg Graphic file (type bmp)
<media/19-1-absolute-and-comparative-advantage_rId40.jpeg>

LaTeX Warning: Hyper reference `fig-19_3' on page 476 undefined on input line 26290.

[476]

LaTeX Warning: Reference `tbl-table_19_7' on page 477 undefined on input line 26338.

[477]

LaTeX Warning: Reference `tbl-table_19_8' on page 478 undefined on input line 26405.


LaTeX Warning: Hyper reference `fig-19_4' on page 478 undefined on input line 26452.

[478]
File: media/19-2-what-happens-when-a-country-has-an-absolute-advantage-in-all-goods_rId25.jpeg Graphic file (type bmp)
<media/19-2-what-happens-when-a-country-has-an-absolute-advantage-in-all-goods_rId25.jpeg>

Overfull \hbox (22.99382pt too wide) in paragraph at lines 26458--26459
 [][] 
 []


LaTeX Warning: Reference `tbl-table_19_9' on page 479 undefined on input line 26478.


LaTeX Warning: Reference `tbl-table_19_10' on page 479 undefined on input line 26526.

[479]

Package longtable Warning: Column widths have changed
(longtable)                in table 10 on input line 26548.


LaTeX Warning: Hyper reference `fig-19_4' on page 480 undefined on input line 26569.


LaTeX Warning: Reference `tbl-table_19_9' on page 480 undefined on input line 26569.

[480]

LaTeX Warning: Reference `tbl-table_19_11' on page 481 undefined on input line 26585.

[481]

Package longtable Warning: Column widths have changed
(longtable)                in table 12 on input line 26662.


LaTeX Warning: Reference `tbl-table_19_12' on page 482 undefined on input line 26682.

[482]

LaTeX Warning: Reference `tbl-table_19_13' on page 483 undefined on input line 26788.

[483]

Package longtable Warning: Column widths have changed
(longtable)                in table 13 on input line 26810.


LaTeX Warning: Reference `tbl-table_19_14' on page 484 undefined on input line 26817.


Underfull \hbox (badness 10000) in paragraph at lines 26830--26830
[][][]|\TU/lmr/m/n/10.95 Some Intra-Industry U.S. Exports and Imports in 2021 (Source:
 []

[484]

LaTeX Warning: Reference `sec-chapter-7' on page 485 undefined on input line 26915.


LaTeX Warning: Hyper reference `fig-19_5' on page 485 undefined on input line 26917.

[485]
File: media/19-3-intra-industry-trade-between-similar-economies_rId34.jpeg Graphic file (type bmp)
<media/19-3-intra-industry-trade-between-similar-economies_rId34.jpeg>
[486] [487] [488]
Underfull \hbox (badness 1286) in paragraph at lines 27133--27142
[]\TU/lmr/m/n/10.95 This textbook is an Open-Educational Resource (OER) textbook, licensed under an
 []


Underfull \hbox (badness 1112) in paragraph at lines 27133--27142
\TU/lmr/m/n/10.95 other OER textbook provided by [][]OpenStax.org[][] at [][]$[][][][][] [] [] [] [][][][][][][][] [] [][][] [] [][][][][][][] [] [][][][][] []
 []

[489] [490]
chapter without number
File: media/20-introduction-to-globalization-and-protectionism_rId20.jpeg Graphic file (type bmp)
<media/20-introduction-to-globalization-and-protectionism_rId20.jpeg>

Overfull \hbox (22.99382pt too wide) in paragraph at lines 27151--27152
 [][] 
 []

[491

] [492]

LaTeX Warning: Reference `sec-chapter-19' on page 493 undefined on input line 27270.

[493] [494]

LaTeX Warning: Reference `tbl-table_20_1' on page 495 undefined on input line 27364.


LaTeX Warning: Hyper reference `fig-20_2' on page 495 undefined on input line 27364.

File: media/20-1-protectionism-an-indirect-subsidy-from-consumers-to-producers_rId29.jpeg Graphic file (type bmp)
<media/20-1-protectionism-an-indirect-subsidy-from-consumers-to-producers_rId29.jpeg>

Overfull \hbox (22.99382pt too wide) in paragraph at lines 27375--27376
 [][] 
 []

[495]

LaTeX Warning: Hyper reference `fig-20_2' on page 496 undefined on input line 27452.


LaTeX Warning: Hyper reference `fig-20_3' on page 496 undefined on input line 27465.


LaTeX Warning: Reference `sec-chapter-3' on page 496 undefined on input line 27466.


LaTeX Warning: Hyper reference `fig-20_3' on page 496 undefined on input line 27467.


LaTeX Warning: Hyper reference `fig-20_3' on page 496 undefined on input line 27469.

[496]
File: media/20-1-protectionism-an-indirect-subsidy-from-consumers-to-producers_rId36.jpeg Graphic file (type bmp)
<media/20-1-protectionism-an-indirect-subsidy-from-consumers-to-producers_rId36.jpeg>

Overfull \hbox (22.99382pt too wide) in paragraph at lines 27483--27484
 [][] 
 []

[497] [498]

LaTeX Warning: Reference `sec-chapter-3' on page 499 undefined on input line 27588.

File: media/20-1-protectionism-an-indirect-subsidy-from-consumers-to-producers_rId49.jpeg Graphic file (type bmp)
<media/20-1-protectionism-an-indirect-subsidy-from-consumers-to-producers_rId49.jpeg>

LaTeX Warning: Hyper reference `fig-20_4' on page 499 undefined on input line 27607.

[499] [500]

LaTeX Warning: Reference `sec-chapter-19' on page 501 undefined on input line 27736.

[501]

LaTeX Warning: Hyper reference `fs-idm352845312' on page 502 undefined on input line 27764.

[502]

LaTeX Warning: Reference `tbl-table_20_2' on page 503 undefined on input line 27813.


LaTeX Warning: Reference `sec-chapter-4' on page 503 undefined on input line 27873.

[503] [504] [505] [506] [507] [508]

LaTeX Warning: Reference `sec-chapter-9' on page 509 undefined on input line 28189.

[509] [510] [511] [512] [513]

LaTeX Warning: Reference `tbl-table_20_3' on page 514 undefined on input line 28439.


Underfull \hbox (badness 10000) in paragraph at lines 28454--28454
[][][]|\TU/lmr/m/n/10.95 The Status of Growing Trade Ties between Countries (Source:
 []


Package longtable Warning: Column widths have changed
(longtable)                in table 3 on input line 28475.

[514]

LaTeX Warning: Reference `tbl-table_20_4' on page 515 undefined on input line 28539.


Overfull \hbox (0.82799pt too wide) in paragraph at lines 28580--28580
[]|\TU/lmr/m/n/10.95 1947|  
 []


Overfull \hbox (0.82799pt too wide) in paragraph at lines 28581--28581
[]|\TU/lmr/m/n/10.95 1949|  
 []


Overfull \hbox (0.82799pt too wide) in paragraph at lines 28582--28582
[]|\TU/lmr/m/n/10.95 1951|  
 []


Overfull \hbox (0.82799pt too wide) in paragraph at lines 28583--28583
[]|\TU/lmr/m/n/10.95 1956|  
 []


Overfull \hbox (4.66049pt too wide) in paragraph at lines 28584--28584
[]|\TU/lmr/m/n/10.95 1960– 
 []


Overfull \hbox (4.66049pt too wide) in paragraph at lines 28585--28585
[]|\TU/lmr/m/n/10.95 1964– 
 []


Overfull \hbox (4.66049pt too wide) in paragraph at lines 28586--28586
[]|\TU/lmr/m/n/10.95 1973– 
 []


Overfull \hbox (4.66049pt too wide) in paragraph at lines 28587--28587
[]|\TU/lmr/m/n/10.95 1986– 
 []


Overfull \hbox (4.66049pt too wide) in paragraph at lines 28590--28590
[]|\TU/lmr/m/n/10.95 2001– 
 []

[515] [516]

LaTeX Warning: Hyper reference `fs-idm352745318' on page 517 undefined on input line 28637.


LaTeX Warning: Reference `tbl-table_20_5' on page 517 undefined on input line 28650.

[517] [518] [519] [520] [521]
Underfull \hbox (badness 1286) in paragraph at lines 28920--28929
[]\TU/lmr/m/n/10.95 This textbook is an Open-Educational Resource (OER) textbook, licensed under an
 []


Underfull \hbox (badness 1112) in paragraph at lines 28920--28929
\TU/lmr/m/n/10.95 other OER textbook provided by [][]OpenStax.org[][] at [][]$[][][][][] [] [] [] [][][][][][][][] [] [][][] [] [][][][][][][] [] [][][][][] []
 []

[522]
chapter without number

LaTeX Warning: Reference `sec-chapter-1' on page 523 undefined on input line 28939.

[523



]
Overfull \hbox (7.63202pt too wide) in paragraph at lines 28998--28999
[]$[]$ 
 []


LaTeX Warning: Reference `tbl-table_append_a_1' on page 524 undefined on input line 29035.


LaTeX Warning: Hyper reference `fig-append_a_1' on page 524 undefined on input line 29037.

[524]

Package longtable Warning: Column widths have changed
(longtable)                in table 1 on input line 29062.

File: media/a-the-use-of-mathematics-in-principles-of-economics_rId26.jpeg Graphic file (type bmp)
<media/a-the-use-of-mathematics-in-principles-of-economics_rId26.jpeg>
[525]

LaTeX Warning: Hyper reference `fig-append_a_3' on page 526 undefined on input line 29107.


LaTeX Warning: Hyper reference `fig-append_a_4' on page 526 undefined on input line 29116.


LaTeX Warning: Hyper reference `fig-append_a_5' on page 526 undefined on input line 29123.

[526] [527]

LaTeX Warning: Hyper reference `fig-append_a_2' on page 528 undefined on input line 29264.

File: media/a-the-use-of-mathematics-in-principles-of-economics_rId47.jpeg Graphic file (type bmp)
<media/a-the-use-of-mathematics-in-principles-of-economics_rId47.jpeg>
[528] [529]

LaTeX Warning: Reference `tbl-table_append_a_2' on page 530 undefined on input line 29374.


LaTeX Warning: Hyper reference `fig-append_a_3' on page 530 undefined on input line 29375.

[530]
File: media/a-the-use-of-mathematics-in-principles-of-economics_rId61.jpeg Graphic file (type bmp)
<media/a-the-use-of-mathematics-in-principles-of-economics_rId61.jpeg>
[531]

LaTeX Warning: Hyper reference `fig-append_a_4' on page 532 undefined on input line 29449.


LaTeX Warning: Reference `tbl-table_append_a_3' on page 532 undefined on input line 29451.


LaTeX Warning: Hyper reference `fig-append_a_4' on page 532 undefined on input line 29458.

File: media/a-the-use-of-mathematics-in-principles-of-economics_rId64.jpeg Graphic file (type bmp)
<media/a-the-use-of-mathematics-in-principles-of-economics_rId64.jpeg>
[532]

LaTeX Warning: Hyper reference `fig-append_a_5' on page 533 undefined on input line 29542.

File: media/a-the-use-of-mathematics-in-principles-of-economics_rId68.jpeg Graphic file (type bmp)
<media/a-the-use-of-mathematics-in-principles-of-economics_rId68.jpeg>
[533] [534]

LaTeX Warning: Hyper reference `fig-append_a_6' on page 535 undefined on input line 29577.


LaTeX Warning: Reference `tbl-table_append_a_4' on page 535 undefined on input line 29580.


LaTeX Warning: Reference `tbl-table_append_a_4' on page 535 undefined on input line 29581.

File: media/a-the-use-of-mathematics-in-principles-of-economics_rId73.jpeg Graphic file (type bmp)
<media/a-the-use-of-mathematics-in-principles-of-economics_rId73.jpeg>

Overfull \hbox (22.99382pt too wide) in paragraph at lines 29636--29637
 [][] 
 []


LaTeX Warning: Hyper reference `fig-append_a_6' on page 535 undefined on input line 29651.


LaTeX Warning: Hyper reference `fig-append_a_7' on page 535 undefined on input line 29665.


Overfull \hbox (12.03276pt too wide) in paragraph at lines 29663--29671
[]\TU/lmr/m/n/10.95 A bar graph uses the height of different bars to compare quantities. \TU/lmr/bx/n/10.95 ?@tbl-table_append_a_5
 []

[535] [536]
File: media/a-the-use-of-mathematics-in-principles-of-economics_rId77.jpeg Graphic file (type bmp)
<media/a-the-use-of-mathematics-in-principles-of-economics_rId77.jpeg>

Package longtable Warning: Column widths have changed
(longtable)                in table 5 on input line 29708.

Missing character: There is no ： (U+FF1A) in font [lmroman10-regular]:mapping=tex-text;!

LaTeX Warning: Hyper reference `fig-append_a_8' on page 537 undefined on input line 29714.


LaTeX Warning: Hyper reference `fig-append_a_6' on page 537 undefined on input line 29716.


LaTeX Warning: Hyper reference `fig-append_a_8' on page 537 undefined on input line 29717.


LaTeX Warning: Hyper reference `fig-append_a_8' on page 537 undefined on input line 29719.


LaTeX Warning: Hyper reference `fig-append_a_8' on page 537 undefined on input line 29721.

[537]
File: media/a-the-use-of-mathematics-in-principles-of-economics_rId80.jpeg Graphic file (type bmp)
<media/a-the-use-of-mathematics-in-principles-of-economics_rId80.jpeg>

LaTeX Warning: Hyper reference `fig-append_a_7' on page 538 undefined on input line 29751.

[538]

LaTeX Warning: Hyper reference `fig-append_a_8' on page 539 undefined on input line 29752.


LaTeX Warning: Hyper reference `fig-append_a_7' on page 539 undefined on input line 29767.


LaTeX Warning: Hyper reference `fig-append_a_9' on page 539 undefined on input line 29783.


LaTeX Warning: Hyper reference `fig-append_a_10' on page 539 undefined on input line 29784.


LaTeX Warning: Hyper reference `fig-append_a_11' on page 539 undefined on input line 29785.

File: media/a-the-use-of-mathematics-in-principles-of-economics_rId83.jpeg Graphic file (type bmp)
<media/a-the-use-of-mathematics-in-principles-of-economics_rId83.jpeg>
File: media/a-the-use-of-mathematics-in-principles-of-economics_rId85.jpeg Graphic file (type bmp)
<media/a-the-use-of-mathematics-in-principles-of-economics_rId85.jpeg>

LaTeX Warning: Float too large for page by 16.56462pt on input line 29812.

File: media/a-the-use-of-mathematics-in-principles-of-economics_rId88.jpeg Graphic file (type bmp)
<media/a-the-use-of-mathematics-in-principles-of-economics_rId88.jpeg>

Overfull \hbox (22.99382pt too wide) in paragraph at lines 29822--29823
 [][] 
 []


LaTeX Warning: Hyper reference `fig-append_a_9' on page 539 undefined on input line 29837.


LaTeX Warning: Hyper reference `fig-append_a_9' on page 539 undefined on input line 29838.


LaTeX Warning: Hyper reference `fig-append_a_5' on page 539 undefined on input line 29839.


LaTeX Warning: Hyper reference `fig-append_a_9' on page 539 undefined on input line 29846.

[539] [540] [541] [542]

LaTeX Warning: Hyper reference `fig-append_a_10' on page 543 undefined on input line 29851.


LaTeX Warning: Hyper reference `fig-append_a_10' on page 543 undefined on input line 29853.


LaTeX Warning: Hyper reference `fig-append_a_5' on page 543 undefined on input line 29854.


LaTeX Warning: Hyper reference `fig-append_a_10' on page 543 undefined on input line 29855.


LaTeX Warning: Hyper reference `fig-append_a_10' on page 543 undefined on input line 29857.


LaTeX Warning: Hyper reference `fig-append_a_10' on page 543 undefined on input line 29861.


LaTeX Warning: Hyper reference `fig-append_a_11' on page 543 undefined on input line 29865.


LaTeX Warning: Hyper reference `fig-append_a_11' on page 543 undefined on input line 29867.


LaTeX Warning: Hyper reference `fig-append_a_11' on page 543 undefined on input line 29879.

[543]
Underfull \hbox (badness 1286) in paragraph at lines 29957--29966
[]\TU/lmr/m/n/10.95 This textbook is an Open-Educational Resource (OER) textbook, licensed under an
 []


Underfull \hbox (badness 1112) in paragraph at lines 29957--29966
\TU/lmr/m/n/10.95 other OER textbook provided by [][]OpenStax.org[][] at [][]$[][][][][] [] [] [] [][][][][][][][] [] [][][] [] [][][][][][][] [] [][][][][] []
 []

[544] [545]
chapter without number

LaTeX Warning: Reference `sec-chapter-6' on page 546 undefined on input line 29970.


LaTeX Warning: Hyper reference `fig-append_b_1' on page 546 undefined on input line 29987.

File: media/b-indifference-curves_rId23.jpeg Graphic file (type bmp)
<media/b-indifference-curves_rId23.jpeg>
[546

] [547]

LaTeX Warning: Hyper reference `fig-append_b_1' on page 548 undefined on input line 30074.


LaTeX Warning: Hyper reference `fig-append_b_1' on page 548 undefined on input line 30079.

[548]

LaTeX Warning: Hyper reference `fig-append_b_1' on page 549 undefined on input line 30120.


LaTeX Warning: Hyper reference `fig-append_b_2' on page 549 undefined on input line 30137.


LaTeX Warning: Hyper reference `fig-append_b_1' on page 549 undefined on input line 30139.

File: media/b-indifference-curves_rId32.jpeg Graphic file (type bmp)
<media/b-indifference-curves_rId32.jpeg>
[549] [550]

LaTeX Warning: Hyper reference `fig-append_b_3' on page 551 undefined on input line 30212.


LaTeX Warning: Hyper reference `fig-append_b_3' on page 551 undefined on input line 30213.

File: media/b-indifference-curves_rId38.jpeg Graphic file (type bmp)
<media/b-indifference-curves_rId38.jpeg>

Overfull \hbox (22.99382pt too wide) in paragraph at lines 30227--30228
 [][] 
 []


LaTeX Warning: Hyper reference `fig-append_b_3' on page 551 undefined on input line 30249.

[551] [552]

LaTeX Warning: Hyper reference `fig-append_b_4' on page 553 undefined on input line 30296.

File: media/b-indifference-curves_rId45.jpeg Graphic file (type bmp)
<media/b-indifference-curves_rId45.jpeg>
[553]

LaTeX Warning: Hyper reference `fig-append_b_4' on page 554 undefined on input line 30385.

[554]

LaTeX Warning: Hyper reference `fig-append_b_5' on page 555 undefined on input line 30428.

[555]
File: media/b-indifference-curves_rId51.jpeg Graphic file (type bmp)
<media/b-indifference-curves_rId51.jpeg>

LaTeX Warning: Hyper reference `fig-append_b_5' on page 556 undefined on input line 30482.

[556]

LaTeX Warning: Hyper reference `fig-append_b_5' on page 557 undefined on input line 30493.


LaTeX Warning: Hyper reference `fig-append_b_5' on page 557 undefined on input line 30505.


LaTeX Warning: Hyper reference `fig-append_b_6' on page 557 undefined on input line 30524.

[557]

LaTeX Warning: Hyper reference `fig-append_b_6' on page 558 undefined on input line 30553.


LaTeX Warning: Hyper reference `fig-append_b_6' on page 558 undefined on input line 30564.

File: media/b-indifference-curves_rId55.jpeg Graphic file (type bmp)
<media/b-indifference-curves_rId55.jpeg>
[558]

LaTeX Warning: Hyper reference `fig-append_b_7' on page 559 undefined on input line 30629.

File: media/b-indifference-curves_rId60.jpeg Graphic file (type bmp)
<media/b-indifference-curves_rId60.jpeg>

LaTeX Warning: Hyper reference `fig-append_b_8' on page 559 undefined on input line 30649.

[559]
File: media/b-indifference-curves_rId63.jpeg Graphic file (type bmp)
<media/b-indifference-curves_rId63.jpeg>

LaTeX Warning: Hyper reference `fig-append_b_9' on page 560 undefined on input line 30675.

File: media/b-indifference-curves_rId66.jpeg Graphic file (type bmp)
<media/b-indifference-curves_rId66.jpeg>

LaTeX Warning: Hyper reference `CNX_Econ_A06_011' on page 560 undefined on input line 30703.

[560] [561]
File: media/b-indifference-curves_rId69.jpeg Graphic file (type bmp)
<media/b-indifference-curves_rId69.jpeg>

LaTeX Warning: Hyper reference `fig-append_b_11' on page 562 undefined on input line 30735.

File: media/b-indifference-curves_rId72.jpeg Graphic file (type bmp)
<media/b-indifference-curves_rId72.jpeg>
[562] [563] [564]
Underfull \hbox (badness 1286) in paragraph at lines 30860--30869
[]\TU/lmr/m/n/10.95 This textbook is an Open-Educational Resource (OER) textbook, licensed under an
 []


Underfull \hbox (badness 1112) in paragraph at lines 30860--30869
\TU/lmr/m/n/10.95 other OER textbook provided by [][]OpenStax.org[][] at [][]$[][][][][] [] [] [] [][][][][][][][] [] [][][] [] [][][][][][][] [] [][][][][] []
 []

[565]
chapter without number

LaTeX Warning: Reference `sec-chapter-17' on page 566 undefined on input line 30872.


LaTeX Warning: Reference `tbl-table_append_c_1' on page 566 undefined on input line 30912.

[566

]

LaTeX Warning: Reference `sec-chapter-17' on page 567 undefined on input line 30972.


LaTeX Warning: Reference `tbl-table_append_c_2' on page 567 undefined on input line 30989.

[567] [568]
Underfull \hbox (badness 1286) in paragraph at lines 31077--31086
[]\TU/lmr/m/n/10.95 This textbook is an Open-Educational Resource (OER) textbook, licensed under an
 []


Underfull \hbox (badness 1112) in paragraph at lines 31077--31086
\TU/lmr/m/n/10.95 other OER textbook provided by [][]OpenStax.org[][] at [][]$[][][][][] [] [] [] [][][][][][][][] [] [][][] [] [][][][][][][] [] [][][][][] []
 []

[569]
chapter without number
[570

]
File: a4_generating_supply_and_demand_curves_files/figure-pdf/cell-2-output-1.pdf Graphic file (type pdf)
<use a4_generating_supply_and_demand_curves_files/figure-pdf/cell-2-output-1.pdf>
[571] [572]
File: a4_generating_supply_and_demand_curves_files/figure-pdf/cell-3-output-1.pdf Graphic file (type pdf)
<use a4_generating_supply_and_demand_curves_files/figure-pdf/cell-3-output-1.pdf>
[573]
File: a4_generating_supply_and_demand_curves_files/figure-pdf/cell-4-output-1.pdf Graphic file (type pdf)
<use a4_generating_supply_and_demand_curves_files/figure-pdf/cell-4-output-1.pdf>
[574]
Underfull \hbox (badness 1286) in paragraph at lines 31309--31318
[]\TU/lmr/m/n/10.95 This textbook is an Open-Educational Resource (OER) textbook, licensed under an
 []


Underfull \hbox (badness 1112) in paragraph at lines 31309--31318
\TU/lmr/m/n/10.95 other OER textbook provided by [][]OpenStax.org[][] at [][]$[][][][][] [] [] [] [][][][][][][][] [] [][][] [] [][][][][][][] [] [][][][][] []
 []


Package longtable Warning: Table widths have changed. Rerun LaTeX.

[575] (./index.aux
! Missing \endcsname inserted.
<to be read again> 
                   \protect 
l.98 ...{fig-2\_1}{{1}{29}{}{figure.caption.66}{}}
                                                   
Here is how much of TeX's memory you used:
 26166 strings out of 476779
 582917 string characters out of 5801002
 1950842 words of memory out of 5000000
 47682 multiletter control sequences out of 15000+600000
 564532 words of font info for 90 fonts, out of 8000000 for 9000
 14 hyphenation exceptions out of 8191
 108i,12n,121p,10900b,845s stack positions out of 10000i,1000n,20000p,200000b,200000s

Output written on index.pdf (575 pages).
